id,1,2,3,4,5,6,7,8,9,10,11,12,13,14,15,16,17,18,19,20,21,22,23,24,25,26
Сумма,109204662,99579130,193652,48157320,8133713,43093749,8320802,48008888,1171581,55158109,1203,507,"10660669
18.93%","512418
0.91%","4252252
7.55%","2997744
5.32%","28064200
49.82%","4201744
7.46%","753268
1.34%","291465
0.52%","431530
0.77%","715621
1.27%","86964
0.15%","357870
0.64%","450449
0.80%","1381915
2.45%"
1,341943,335533,0,191841,41405,102254,41198,191297,3167,229328,52,19,"33871
14.57%","872
0.38%","15195
6.54%","6460
2.78%","154491
66.45%","9168
3.94%","800
0.34%","401
0.17%","2386
1.03%","1874
0.81%","173
0.07%","674
0.29%","736
0.32%","2227
0.96%"
2,160838,154203,624,68903,4757,79919,5381,68897,1683,72595,0,0,"22351
30.09%","750
1.01%","5830
7.85%","3658
4.92%","28600
38.50%","6576
8.85%","332
0.45%","111
0.15%","914
1.23%","1011
1.36%","58
0.08%","367
0.49%","407
0.55%","1630
2.19%"
3,504209,470533,0,332526,45669,92338,45631,332151,3181,374601,0,0,"52937
14.01%","1520
0.40%","36937
9.78%","7449
1.97%","257938
68.28%","8137
2.15%","1418
0.38%","636
0.17%","920
0.24%","1664
0.44%","438
0.12%","763
0.20%","723
0.19%","3121
0.83%"
4,524412,507472,0,355196,51307,100969,51306,354892,3570,402628,0,0,"50118
12.34%","1848
0.45%","30201
7.44%","8459
2.08%","289151
71.18%","10479
2.58%","1455
0.36%","863
0.21%","1187
0.29%","2431
0.60%","678
0.17%","888
0.22%","946
0.23%","3924
0.97%"
5,536125,503437,0,341645,49872,111920,49868,340540,3510,386898,0,0,"59864
15.33%","1604
0.41%","61697
15.80%","9447
2.42%","233787
59.88%","9410
2.41%","1272
0.33%","718
0.18%","1100
0.28%","1986
0.51%","523
0.13%","873
0.22%","964
0.25%","3653
0.94%"
6,474329,451925,0,321131,36599,94195,36598,321058,3645,354011,0,0,"52070
14.56%","1532
0.43%","19506
5.45%","12506
3.50%","246884
69.03%","7872
2.20%","1855
0.52%","760
0.21%","1110
0.31%","2673
0.75%","1350
0.38%","833
0.23%","925
0.26%","4135
1.16%"
7,464840,463492,0,310798,36945,115747,36911,310328,3977,343262,2,0,"55889
16.10%","2165
0.62%","20577
5.93%","10583
3.05%","237224
68.32%","6903
1.99%","843
0.24%","639
0.18%","964
0.28%","2345
0.68%","431
0.12%","690
0.20%","760
0.22%","3249
0.94%"
8,504343,477601,0,274488,33647,169448,33646,274124,3496,304274,18,0,"51557
16.75%","1655
0.54%","20599
6.69%","12573
4.09%","191793
62.32%","14539
4.72%","1039
0.34%","639
0.21%","1083
0.35%","2360
0.77%","477
0.15%","842
0.27%","970
0.32%","4148
1.35%"
9,699273,607857,4622,275012,34803,293420,39396,274808,7151,307053,0,0,"84006
26.74%","5619
1.79%","18033
5.74%","35244
11.22%","133946
42.63%","11177
3.56%","1301
0.41%","395
0.13%","1189
0.38%","3946
1.26%","565
0.18%","1464
0.47%","889
0.28%","9279
2.95%"
10,513089,483532,100,422777,12711,47914,12454,422561,2793,432222,30,0,"27653
6.36%","2500
0.57%","12735
2.93%","4337
0.99%","351134
80.72%","22578
5.19%","400
0.09%","5806
1.33%","1629
0.37%","1149
0.26%","401
0.09%","187
0.04%","625
0.14%","1088
0.25%"
11,598325,577590,0,495510,13716,68273,13687,495188,2591,506284,99,8,"28446
5.59%","647
0.13%","12779
2.51%","3861
0.76%","413500
81.26%","32032
6.29%","830
0.16%","5871
1.15%","3300
0.65%","1760
0.35%","244
0.05%","258
0.05%","739
0.15%","2017
0.40%"
12,588195,579798,0,473449,18281,88040,18255,472951,3719,487487,69,41,"32866
6.69%","731
0.15%","10230
2.08%","3031
0.62%","400335
81.50%","25128
5.12%","557
0.11%","3337
0.68%","6134
1.25%","2006
0.41%","356
0.07%","394
0.08%","674
0.14%","1708
0.35%"
13,234660,214556,0,189708,6664,18184,6664,189680,1757,194587,0,0,"7174
3.65%","308
0.16%","3470
1.77%","1175
0.60%","167239
85.18%","10082
5.13%","1656
0.84%","463
0.24%","636
0.32%","345
0.18%","234
0.12%","248
0.13%","324
0.17%","1233
0.63%"
14,539787,535501,0,339394,123659,72448,123658,338596,586,461668,0,0,"77135
16.69%","708
0.15%","1633
0.35%","304
0.07%","366099
79.20%","13413
2.90%","318
0.07%","349
0.08%","291
0.06%","325
0.07%","258
0.06%","268
0.06%","285
0.06%","282
0.06%"
15,196946,190597,0,84775,13710,92110,13710,84653,3225,95138,5,3,"25540
25.97%","756
0.77%","3381
3.44%","12026
12.23%","38875
39.52%","5761
5.86%","841
0.85%","176
0.18%","871
0.89%","1860
1.89%","528
0.54%","551
0.56%","388
0.39%","3584
3.64%"
16,301151,288090,0,183682,85427,18981,85423,183505,890,268038,0,0,"35011
13.02%","478
0.18%","5061
1.88%","886
0.33%","215309
80.06%","5403
2.01%","497
0.18%","329
0.12%","601
0.22%","1555
0.58%","1678
0.62%","130
0.05%","524
0.19%","576
0.21%"
17,510216,461103,595,190898,11162,258434,11711,190539,6877,195373,15,1,"32374
16.01%","1853
0.92%","19757
9.77%","14162
7.00%","64087
31.69%","23721
11.73%","15118
7.47%","2808
1.39%","2205
1.09%","4695
2.32%","212
0.10%","3090
1.53%","1790
0.89%","9501
4.70%"
18,644255,573127,4125,231967,18209,318824,22305,231876,8005,246176,2,0,"68314
26.88%","2996
1.18%","30400
11.96%","24332
9.57%","74839
29.44%","21165
8.33%","2199
0.87%","845
0.33%","2127
0.84%","3692
1.45%","293
0.12%","3411
1.34%","2425
0.95%","9138
3.60%"
19,512421,397046,0,192458,48389,156196,48388,191679,6814,233253,3,0,"24106
10.04%","2453
1.02%","18807
7.83%","10607
4.42%","145042
60.42%","15213
6.34%","1805
0.75%","596
0.25%","1568
0.65%","2189
0.91%","330
0.14%","1664
0.69%","2851
1.19%","6022
2.51%"
20,495016,385652,0,197100,52602,135950,52600,196867,6333,243134,0,0,"22130
8.87%","2177
0.87%","19762
7.92%","10054
4.03%","160355
64.28%","13501
5.41%","1767
0.71%","620
0.25%","1302
0.52%","2294
0.92%","335
0.13%","1667
0.67%","1627
0.65%","5543
2.22%"
21,493513,378649,0,205205,50976,122468,50965,204953,6691,249227,0,0,"21971
8.59%","2251
0.88%","19240
7.52%","8827
3.45%","166725
65.15%","15507
6.06%","1762
0.69%","579
0.23%","1286
0.50%","1831
0.72%","283
0.11%","1585
0.62%","1600
0.63%","5780
2.26%"
22,531951,503387,0,218972,26314,258096,26314,218915,5969,239260,5,0,"89018
36.30%","1715
0.70%","19481
7.94%","15085
6.15%","81969
33.43%","15896
6.48%","1401
0.57%","762
0.31%","1274
0.52%","2962
1.21%","293
0.12%","1275
0.52%","1652
0.67%","6477
2.64%"
23,590906,479531,0,312093,72667,94776,72654,311475,5387,378742,9,14,"49928
12.99%","1650
0.43%","29777
7.75%","11515
2.99%","253527
66.00%","16536
4.30%","1629
0.42%","797
0.21%","1543
0.40%","3590
0.93%","493
0.13%","1236
0.32%","1196
0.31%","5325
1.39%"
24,659338,610148,6455,302480,28824,272389,35277,302387,6949,330715,0,0,"118683
35.15%","2455
0.73%","17354
5.14%","33317
9.87%","112160
33.22%","27643
8.19%","3534
1.05%","602
0.18%","1878
0.56%","4295
1.27%","812
0.24%","1652
0.49%","1145
0.34%","5185
1.54%"
25,520743,498501,0,327295,123715,47491,123660,326860,4777,445743,0,0,"51782
11.49%","1869
0.41%","6430
1.43%","2518
0.56%","320410
71.12%","47507
10.54%","1670
0.37%","1511
0.34%","1141
0.25%","2314
0.51%","1440
0.32%","1600
0.36%","3293
0.73%","2258
0.50%"
26,497923,471049,0,335044,46336,89669,46326,334695,3425,377596,0,0,"38031
9.98%","1105
0.29%","9203
2.42%","3853
1.01%","304276
79.86%","9297
2.44%","1403
0.37%","1847
0.48%","1198
0.31%","2869
0.75%","626
0.16%","852
0.22%","953
0.25%","2083
0.55%"
27,520716,513454,0,344140,75712,93602,75709,343931,4303,415337,0,0,"40627
9.68%","1148
0.27%","11217
2.67%","3593
0.86%","336157
80.11%","11168
2.66%","1587
0.38%","1748
0.42%","1198
0.29%","2451
0.58%","609
0.15%","825
0.20%","789
0.19%","2220
0.53%"
28,433638,439469,285,324159,57759,57266,58044,324030,3788,378286,0,0,"37643
9.85%","777
0.20%","5293
1.39%","2784
0.73%","317703
83.15%","5381
1.41%","1110
0.29%","1288
0.34%","847
0.22%","1761
0.46%","532
0.14%","714
0.19%","727
0.19%","1726
0.45%"
29,519310,492363,0,324075,101860,66428,101860,323913,4456,421317,0,0,"27705
6.51%","1039
0.24%","17405
4.09%","4874
1.14%","325481
76.44%","15802
3.71%","1005
0.24%","3841
0.90%","808
0.19%","19541
4.59%","588
0.14%","685
0.16%","863
0.20%","1680
0.39%"
30,423117,431852,38,300540,61819,69450,61855,300482,2480,359857,5,0,"36050
9.95%","1010
0.28%","10094
2.79%","4596
1.27%","289412
79.87%","7008
1.93%","1704
0.47%","1766
0.49%","1138
0.31%","2415
0.67%","557
0.15%","803
0.22%","836
0.23%","2468
0.68%"
31,546834,508786,0,328375,21285,159126,21284,327808,3613,345479,0,0,"43558
12.48%","1161
0.33%","12227
3.50%","3744
1.07%","260006
74.48%","13812
3.96%","1864
0.53%","1077
0.31%","1391
0.40%","1901
0.54%","677
0.19%","930
0.27%","831
0.24%","2300
0.66%"
32,197564,184130,9759,115062,39705,19578,49271,114887,1284,162874,26,0,"6888
4.20%","518
0.32%","2981
1.82%","3747
2.28%","140090
85.34%","4918
2.99%","279
0.17%","211
0.13%","317
0.19%","898
0.55%","79
0.05%","310
0.19%","705
0.43%","933
0.57%"
33,554986,521076,0,241397,26542,253136,26541,241357,7953,259945,1,0,"68933
25.73%","2164
0.81%","26329
9.83%","20102
7.50%","95415
35.62%","23526
8.78%","1971
0.74%","823
0.31%","1535
0.57%","3696
1.38%","289
0.11%","2119
0.79%","1536
0.57%","11507
4.30%"
34,609479,568602,0,261173,23434,283988,23434,261102,7230,277306,7,0,"70869
24.91%","2571
0.90%","26953
9.47%","20603
7.24%","101412
35.64%","27262
9.58%","2885
1.01%","877
0.31%","1650
0.58%","3481
1.22%","554
0.19%","2395
0.84%","2948
1.04%","12846
4.51%"
35,394707,377042,447,137992,9767,228856,10212,137898,4352,143758,2,22,"44205
29.85%","1730
1.17%","11875
8.02%","14588
9.85%","49412
33.36%","9740
6.58%","941
0.64%","403
0.27%","1166
0.79%","2836
1.91%","370
0.25%","1028
0.69%","1174
0.79%","4290
2.90%"
36,775256,762116,577,682015,49376,30148,49953,682015,530,731438,0,0,"5489
0.75%","1683
0.23%","816
0.11%","1738
0.24%","703613
96.13%","6810
0.93%","963
0.13%","1718
0.23%","2396
0.33%","1050
0.14%","964
0.13%","1047
0.14%","1351
0.18%","1800
0.25%"
37,463708,418168,0,237609,31463,149094,31453,237489,8526,260416,4,2,"59877
22.26%","2156
0.80%","18123
6.74%","15123
5.62%","101559
37.76%","40475
15.05%","1342
0.50%","838
0.31%","1646
0.61%","4968
1.85%","483
0.18%","1262
0.47%","1198
0.45%","11366
4.23%"
38,448245,376797,0,218974,32082,125735,32078,218720,7371,243427,7,1,"57124
22.78%","2518
1.00%","17170
6.85%","14539
5.80%","91695
36.56%","36995
14.75%","1600
0.64%","843
0.34%","1576
0.63%","4741
1.89%","583
0.23%","1508
0.60%","1340
0.53%","11195
4.46%"
39,432296,378251,429,150705,25470,201647,25894,150622,4377,172139,0,0,"51957
29.43%","1242
0.70%","16656
9.44%","10878
6.16%","58791
33.31%","18577
10.52%","1881
1.07%","451
0.26%","997
0.56%","4126
2.34%","150
0.08%","924
0.52%","936
0.53%","4573
2.59%"
40,486208,394197,13,169113,21287,203784,21296,169024,5147,185173,0,0,"62058
32.61%","1185
0.62%","17024
8.94%","12543
6.59%","61171
32.14%","16965
8.91%","1684
0.88%","420
0.22%","977
0.51%","4313
2.27%","147
0.08%","813
0.43%","1215
0.64%","4658
2.45%"
41,470545,414844,7,160373,19062,235400,19004,160324,4569,174759,2,0,"53948
30.08%","1083
0.60%","16584
9.25%","12263
6.84%","58430
32.58%","18616
10.38%","1644
0.92%","417
0.23%","987
0.55%","3851
2.15%","129
0.07%","888
0.50%","957
0.53%","4962
2.77%"
42,417630,391815,10389,153664,29363,198397,39751,153545,4883,188413,3,1,"57897
29.95%","1108
0.57%","16948
8.77%","9326
4.82%","70579
36.51%","18667
9.66%","2016
1.04%","472
0.24%","996
0.52%","3853
1.99%","222
0.11%","858
0.44%","902
0.47%","4569
2.36%"
43,393012,381652,4072,117327,34001,226252,38070,117221,3892,151399,0,0,"30289
19.50%","1778
1.14%","19460
12.53%","15461
9.96%","60692
39.08%","11402
7.34%","969
0.62%","496
0.32%","913
0.59%","2993
1.93%","166
0.11%","846
0.54%","1060
0.68%","4874
3.14%"
44,396326,397976,3459,123386,28357,242772,31814,123172,4734,150252,2,0,"31756
20.49%","1080
0.70%","18248
11.77%","13566
8.75%","59276
38.25%","14464
9.33%","702
0.45%","393
0.25%","780
0.50%","2975
1.92%","205
0.13%","643
0.41%","985
0.64%","5179
3.34%"
45,233851,231790,1816,93404,3860,132708,5631,93229,3648,95212,2,0,"23597
23.87%","1098
1.11%","11525
11.66%","8646
8.75%","34362
34.76%","6843
6.92%","758
0.77%","312
0.32%","777
0.79%","2073
2.10%","140
0.14%","900
0.91%","627
0.63%","3554
3.59%"
46,566415,510345,0,188577,67805,253963,67798,188395,3492,252701,0,0,"54115
21.12%","2370
0.93%","13443
5.25%","17817
6.95%","129013
50.36%","19199
7.49%","2523
0.98%","1394
0.54%","2029
0.79%","2365
0.92%","736
0.29%","1602
0.63%","1932
0.75%","4163
1.62%"
47,642620,588443,0,224671,89125,274647,89123,224452,4199,309376,0,0,"60057
19.15%","1911
0.61%","17364
5.54%","17627
5.62%","173388
55.29%","21400
6.82%","2467
0.79%","1259
0.40%","2227
0.71%","2931
0.93%","569
0.18%","1426
0.45%","1862
0.59%","4888
1.56%"
48,523420,500776,0,283961,106382,110433,106354,283639,4132,385861,0,0,"55914
14.34%","1862
0.48%","21145
5.42%","13859
3.55%","256960
65.89%","18688
4.79%","2002
0.51%","1326
0.34%","1929
0.49%","3425
0.88%","578
0.15%","1239
0.32%","1871
0.48%","5063
1.30%"
49,565453,523525,0,322066,67329,134130,67322,321523,4940,383905,0,0,"52466
13.49%","2270
0.58%","14880
3.83%","18940
4.87%","242189
62.28%","32062
8.25%","2057
0.53%","4867
1.25%","2404
0.62%","2966
0.76%","578
0.15%","1451
0.37%","1999
0.51%","4776
1.23%"
50,541973,493856,0,277760,75633,140463,75623,277669,4347,348945,0,0,"57286
16.21%","2315
0.66%","24453
6.92%","15564
4.41%","212927
60.27%","15401
4.36%","3940
1.12%","1677
0.47%","2427
0.69%","3272
0.93%","856
0.24%","1796
0.51%","1946
0.55%","5085
1.44%"
51,462620,455369,0,277084,106865,71420,106865,277007,2561,381311,0,0,"41600
10.84%","1364
0.36%","21740
5.66%","16807
4.38%","261774
68.19%","23786
6.20%","1974
0.51%","1508
0.39%","1418
0.37%","2198
0.57%","963
0.25%","910
0.24%","1385
0.36%","3884
1.01%"
52,525042,503703,0,291926,108633,103144,108536,291523,4401,395658,0,0,"58172
14.54%","1615
0.40%","22278
5.57%","13931
3.48%","258726
64.67%","25075
6.27%","2254
0.56%","1178
0.29%","1678
0.42%","2582
0.65%","515
0.13%","1128
0.28%","1719
0.43%","4807
1.20%"
53,492711,487063,0,236056,100172,150835,100168,235959,6564,329563,0,0,"58278
17.34%","1735
0.52%","22842
6.80%","17301
5.15%","185944
55.32%","23263
6.92%","3871
1.15%","1332
0.40%","2273
0.68%","3121
0.93%","653
0.19%","1263
0.38%","2107
0.63%","5580
1.66%"
54,515129,467586,14,186979,14493,266100,14499,186515,6072,194942,0,0,"46408
23.09%","7077
3.52%","31158
15.50%","15767
7.84%","65159
32.42%","12754
6.34%","1437
0.71%","438
0.22%","1172
0.58%","4134
2.06%","229
0.11%","1754
0.87%","1571
0.78%","5884
2.93%"
55,563289,472343,0,212585,7706,252052,7680,212112,5716,214076,0,0,"48716
22.16%","10515
4.78%","32891
14.96%","21663
9.86%","66193
30.12%","14155
6.44%","2222
1.01%","594
0.27%","1455
0.66%","4450
2.02%","282
0.13%","2399
1.09%","1862
0.85%","6679
3.04%"
56,547079,523159,687,214597,20453,287422,21041,214235,6494,228782,0,0,"63421
26.96%","7910
3.36%","25584
10.87%","17594
7.48%","81261
34.54%","12985
5.52%","1718
0.73%","554
0.24%","1388
0.59%","5331
2.27%","305
0.13%","2020
0.86%","2036
0.87%","6675
2.84%"
57,452598,434259,5368,181827,19895,227169,25262,181560,6391,200431,0,0,"38848
18.78%","3741
1.81%","28374
13.72%","12609
6.10%","86277
41.72%","13112
6.34%","1221
0.59%","616
0.30%","1463
0.71%","4505
2.18%","328
0.16%","1608
0.78%","1544
0.75%","6185
2.99%"
58,508854,379485,0,184071,16846,178568,16842,183785,9037,191590,0,0,"48038
23.94%","1457
0.73%","17436
8.69%","19051
9.50%","67003
33.40%","19218
9.58%","4020
2.00%","648
0.32%","1423
0.71%","2724
1.36%","315
0.16%","2006
0.99%","1291
0.64%","6960
3.47%"
59,499598,393105,629,170892,15524,206060,16094,170481,9217,177358,0,0,"40906
21.92%","1307
0.70%","20386
10.93%","17125
9.18%","61146
32.77%","19972
10.70%","2708
1.45%","503
0.27%","1282
0.69%","2557
1.37%","256
0.14%","1838
0.99%","1278
0.68%","6094
3.27%"
60,506958,386220,1472,177720,14992,192036,16436,177526,8366,185596,0,0,"43522
22.44%","1437
0.74%","18932
9.76%","17077
8.80%","63645
32.81%","22355
11.53%","3490
1.80%","553
0.29%","1404
0.72%","3326
1.71%","296
0.15%","1846
0.95%","1372
0.71%","6341
3.27%"
61,473468,371771,1132,169364,23065,178210,24193,169194,10164,183223,0,0,"43745
22.62%","1084
0.56%","19575
10.12%","13636
7.05%","68148
35.24%","22001
11.38%","2041
1.06%","509
0.26%","1209
0.63%","1952
1.01%","263
0.14%","1395
0.72%","1038
0.54%","6627
3.43%"
62,522182,450334,316,196587,13886,239545,14183,196052,7740,202495,0,0,"60065
28.57%","1885
0.90%","15128
7.20%","11971
5.69%","79690
37.91%","12333
5.87%","2060
0.98%","2331
1.11%","1726
0.82%","4315
2.05%","255
0.12%","1362
0.65%","1501
0.71%","7873
3.74%"
63,473566,424792,0,180733,26210,217849,26195,180291,8106,198380,0,0,"59079
28.61%","1500
0.73%","14798
7.17%","11127
5.39%","77629
37.60%","13423
6.50%","1740
0.84%","1926
0.93%","1590
0.77%","3243
1.57%","257
0.12%","1155
0.56%","1386
0.67%","9527
4.61%"
64,458985,432244,229,175503,26315,230196,26543,175282,7763,194062,1,0,"55510
27.50%","1560
0.77%","17765
8.80%","11463
5.68%","74156
36.74%","12556
6.22%","1223
0.61%","799
0.40%","1474
0.73%","4374
2.17%","233
0.12%","996
0.49%","1134
0.56%","10819
5.36%"
65,484522,455043,0,257629,84430,112984,84429,257419,5799,336049,0,0,"48895
14.30%","1217
0.36%","14626
4.28%","6614
1.93%","216202
63.25%","35252
10.31%","1090
0.32%","685
0.20%","1240
0.36%","2666
0.78%","409
0.12%","1000
0.29%","1339
0.39%","4814
1.41%"
66,456139,448658,0,297742,68793,82123,68758,297155,4864,361049,0,0,"42150
11.52%","1283
0.35%","15132
4.14%","6480
1.77%","247691
67.69%","37255
10.18%","1272
0.35%","732
0.20%","1129
0.31%","2062
0.56%","446
0.12%","989
0.27%","1139
0.31%","3289
0.90%"
67,502797,452214,0,266924,46654,138636,46652,266469,5841,307280,0,0,"45116
14.41%","1583
0.51%","15982
5.10%","8083
2.58%","191858
61.27%","30259
9.66%","1512
0.48%","597
0.19%","1668
0.53%","3012
0.96%","418
0.13%","1267
0.40%","1352
0.43%","4573
1.46%"
68,446238,430145,0,172994,73142,184009,73140,172765,6699,239206,0,0,"52789
21.47%","1261
0.51%","14879
6.05%","12092
4.92%","127486
51.84%","14990
6.10%","960
0.39%","553
0.22%","1791
0.73%","3621
1.47%","377
0.15%","1091
0.44%","1347
0.55%","5969
2.43%"
69,486263,457946,984,203121,17011,236830,17993,202417,6437,213973,0,0,"58229
26.42%","2497
1.13%","35027
15.89%","16527
7.50%","56001
25.41%","13742
6.23%","2402
1.09%","952
0.43%","7574
3.44%","3811
1.73%","319
0.14%","2081
0.94%","1885
0.86%","12926
5.86%"
70,484093,480718,2356,195910,10545,271906,12872,195620,7277,201215,1,0,"55462
26.60%","2324
1.11%","34388
16.49%","16600
7.96%","49111
23.56%","13948
6.69%","2336
1.12%","1194
0.57%","6411
3.07%","3685
1.77%","309
0.15%","1947
0.93%","1826
0.88%","11674
5.60%"
71,612971,531786,2108,220877,32296,276505,34396,220262,8786,245872,0,0,"67622
26.55%","1853
0.73%","36080
14.17%","17927
7.04%","87390
34.32%","14120
5.54%","1389
0.55%","658
0.26%","1828
0.72%","5798
2.28%","336
0.13%","1444
0.57%","1330
0.52%","8097
3.18%"
72,427936,410800,916,164741,10300,234843,11214,164645,5121,170738,0,0,"32223
18.32%","1857
1.06%","24216
13.77%","17218
9.79%","54620
31.06%","17481
9.94%","9946
5.66%","649
0.37%","1380
0.78%","1521
0.86%","228
0.13%","1460
0.83%","2067
1.18%","5872
3.34%"
73,449939,407112,1395,174526,13138,218053,14533,174387,4265,184655,0,0,"35983
19.05%","1861
0.99%","22927
12.14%","18087
9.57%","62877
33.28%","23251
12.31%","5550
2.94%","658
0.35%","1616
0.86%","1805
0.96%","211
0.11%","1532
0.81%","2248
1.19%","6049
3.20%"
74,725572,688433,0,263978,52393,372062,52280,263178,7850,307608,0,0,"56279
17.84%","1684
0.53%","16833
5.34%","17913
5.68%","151742
48.10%","38484
12.20%","1918
0.61%","911
0.29%","2026
0.64%","5362
1.70%","666
0.21%","1561
0.49%","3811
1.21%","8418
2.67%"
75,613225,575290,0,286111,67148,222031,67147,285761,6045,346863,0,0,"64332
18.23%","3434
0.97%","26543
7.52%","22600
6.40%","174429
49.43%","26665
7.56%","2374
0.67%","965
0.27%","2454
0.70%","5134
1.45%","463
0.13%","2233
0.63%","2664
0.75%","12573
3.56%"
76,613073,579253,0,286261,84907,208085,84907,286205,5487,365625,0,0,"70836
19.09%","2241
0.60%","25831
6.96%","17320
4.67%","199536
53.77%","23116
6.23%","1615
0.44%","833
0.22%","2200
0.59%","5728
1.54%","454
0.12%","1674
0.45%","2364
0.64%","11877
3.20%"
77,484828,446761,0,270323,63657,112781,63652,269853,5170,328335,0,0,"47120
14.13%","1181
0.35%","25755
7.72%","9693
2.91%","216247
64.84%","13905
4.17%","1221
0.37%","966
0.29%","1421
0.43%","2706
0.81%","724
0.22%","993
0.30%","1696
0.51%","4707
1.41%"
78,479289,429840,0,263171,64669,102000,64664,263144,3968,323840,0,0,"43463
13.26%","1064
0.32%","31146
9.50%","5688
1.74%","209086
63.78%","18937
5.78%","1392
0.42%","826
0.25%","1195
0.36%","1896
0.58%","521
0.16%","820
0.25%","4124
1.26%","3682
1.12%"
79,553293,489187,248,189534,29085,270320,29331,189370,5120,213581,0,0,"54111
24.74%","1850
0.85%","21220
9.70%","15264
6.98%","86831
39.70%","16748
7.66%","2054
0.94%","911
0.42%","2753
1.26%","2236
1.02%","217
0.10%","1219
0.56%","1748
0.80%","6419
2.94%"
80,550162,496280,0,179268,20001,297011,20001,179086,4937,194150,0,0,"54286
27.27%","1889
0.95%","18135
9.11%","15285
7.68%","70414
35.37%","15736
7.90%","2337
1.17%","928
0.47%","2986
1.50%","2407
1.21%","202
0.10%","1248
0.63%","1802
0.91%","6495
3.26%"
81,431539,406063,0,204231,84164,117667,84145,203800,3243,284702,1,0,"39788
13.82%","1269
0.44%","31824
11.05%","8356
2.90%","170623
59.26%","18232
6.33%","1389
0.48%","1035
0.36%","1309
0.45%","2202
0.76%","309
0.11%","935
0.32%","2044
0.71%","5387
1.87%"
82,465365,438938,0,239489,71137,128306,71136,239479,4006,306609,7,1,"45136
14.53%","1326
0.43%","37199
11.98%","8731
2.81%","178124
57.35%","19650
6.33%","1335
0.43%","813
0.26%","1210
0.39%","1691
0.54%","249
0.08%","946
0.30%","2604
0.84%","7595
2.45%"
83,452264,426001,0,237010,72990,115999,72990,236816,3047,306759,2,0,"44552
14.38%","1221
0.39%","32181
10.39%","8285
2.67%","191512
61.82%","14042
4.53%","1562
0.50%","1011
0.33%","1356
0.44%","2452
0.79%","368
0.12%","1002
0.32%","1595
0.51%","5620
1.81%"
84,458238,434237,0,208580,56756,168902,56753,208444,3773,261424,1,2,"43832
16.53%","1095
0.41%","29281
11.04%","9916
3.74%","145446
54.84%","15777
5.95%","1689
0.64%","973
0.37%","1174
0.44%","2318
0.87%","263
0.10%","989
0.37%","2567
0.97%","6104
2.30%"
85,493744,454845,0,199461,26911,228473,26885,199299,4854,221330,0,0,"45484
20.11%","2209
0.98%","31387
13.88%","17607
7.78%","75127
33.21%","24052
10.63%","3615
1.60%","858
0.38%","1511
0.67%","4719
2.09%","232
0.10%","1611
0.71%","1405
0.62%","11513
5.09%"
86,432178,381591,225,178280,16698,186388,16921,178065,3895,191091,0,0,"45873
23.53%","1727
0.89%","21084
10.81%","14195
7.28%","69375
35.58%","19484
9.99%","1956
1.00%","620
0.32%","1163
0.60%","3718
1.91%","229
0.12%","1685
0.86%","1350
0.69%","8632
4.43%"
87,517354,469838,0,204058,46896,218884,46891,203915,3540,247266,0,0,"52740
21.03%","2002
0.80%","16523
6.59%","15310
6.10%","128706
51.32%","13298
5.30%","2161
0.86%","594
0.24%","1509
0.60%","2366
0.94%","228
0.09%","1401
0.56%","6299
2.51%","4129
1.65%"
88,440519,422788,0,170819,42535,209434,42532,170768,2945,210355,0,0,"44957
21.08%","1550
0.73%","12595
5.90%","11278
5.29%","113784
53.34%","12191
5.72%","1845
0.86%","469
0.22%","1328
0.62%","1994
0.93%","173
0.08%","1112
0.52%","3164
1.48%","3915
1.84%"
89,470134,419253,0,161072,69142,189039,69111,160910,4718,225303,0,0,"48295
20.99%","1349
0.59%","14471
6.29%","14344
6.24%","116364
50.59%","14744
6.41%","1528
0.66%","526
0.23%","1271
0.55%","2630
1.14%","224
0.10%","1063
0.46%","4375
1.90%","4119
1.79%"
90,421160,438069,560,198017,102868,136624,103427,197999,3642,297784,0,0,"48254
16.01%","1250
0.41%","16687
5.54%","9551
3.17%","197588
65.55%","11658
3.87%","840
0.28%","449
0.15%","1197
0.40%","2982
0.99%","225
0.07%","694
0.23%","2218
0.74%","4191
1.39%"
91,393341,348720,86,132075,30134,186425,30220,131953,4049,158124,0,0,"40583
25.02%","1354
0.83%","15571
9.60%","8410
5.19%","65670
40.49%","12545
7.74%","2112
1.30%","483
0.30%","1153
0.71%","2139
1.32%","170
0.10%","969
0.60%","1364
0.84%","5601
3.45%"
92,400836,345585,12,123780,17746,204048,17758,123710,3584,137884,0,1,"44510
31.46%","1288
0.91%","12896
9.12%","9492
6.71%","44371
31.36%","10627
7.51%","3373
2.38%","494
0.35%","1092
0.77%","2195
1.55%","147
0.10%","854
0.60%","1695
1.20%","4850
3.43%"
93,484752,468539,37,179265,11676,277558,11713,179198,4962,185949,3,0,"56205
29.44%","1964
1.03%","14750
7.73%","19622
10.28%","66719
34.95%","11745
6.15%","1836
0.96%","625
0.33%","1389
0.73%","3247
1.70%","645
0.34%","1068
0.56%","1156
0.61%","4978
2.61%"
94,471191,467410,0,162908,8789,295713,8788,162794,4406,167176,0,0,"46679
27.21%","1761
1.03%","12953
7.55%","17942
10.46%","62911
36.67%","13253
7.72%","1229
0.72%","394
0.23%","1206
0.70%","1914
1.12%","423
0.25%","898
0.52%","1146
0.67%","4467
2.60%"
95,478880,455221,5,164174,13014,278028,12997,164118,5438,171677,0,0,"48045
27.13%","1863
1.05%","17152
9.68%","15543
8.78%","63340
35.76%","11482
6.48%","1552
0.88%","697
0.39%","1234
0.70%","2743
1.55%","491
0.28%","1112
0.63%","1470
0.83%","4953
2.80%"
96,427141,431766,1152,138381,9266,282967,10418,138341,4903,143856,0,0,"40540
27.25%","1587
1.07%","14189
9.54%","14401
9.68%","51584
34.68%","9468
6.36%","1277
0.86%","543
0.37%","1399
0.94%","1749
1.18%","242
0.16%","1123
0.75%","1263
0.85%","4491
3.02%"
97,423083,394073,301,170531,24255,198942,24538,170199,5964,188773,48,4,"39781
20.43%","1691
0.87%","18389
9.44%","12380
6.36%","77934
40.02%","18263
9.38%","4274
2.19%","771
0.40%","1827
0.94%","2187
1.12%","249
0.13%","1777
0.91%","2114
1.09%","7136
3.66%"
98,443808,389379,0,181441,23552,184423,23484,181072,6544,198012,19,56,"40763
19.93%","1737
0.85%","19905
9.73%","12276
6.00%","86269
42.17%","17497
8.55%","3763
1.84%","665
0.33%","1726
0.84%","2230
1.09%","254
0.12%","1678
0.82%","2027
0.99%","7222
3.53%"
99,388166,356771,0,146243,18415,192113,18414,146079,4183,160310,0,0,"37531
22.82%","1679
1.02%","15680
9.53%","13192
8.02%","58935
35.83%","17707
10.76%","1702
1.03%","718
0.44%","1413
0.86%","2305
1.40%","203
0.12%","1293
0.79%","1232
0.75%","6720
4.09%"
100,413552,378038,406,160549,28618,188464,29023,160406,4712,184717,1,0,"40408
21.33%","2045
1.08%","17714
9.35%","15304
8.08%","69653
36.77%","20536
10.84%","2538
1.34%","720
0.38%","1822
0.96%","2527
1.33%","235
0.12%","1308
0.69%","1541
0.81%","8366
4.42%"
101,488170,462726,92,257424,112625,92585,112696,255155,10463,357388,0,0,"31835
8.65%","4111
1.12%","21249
5.78%","6191
1.68%","261954
71.21%","23475
6.38%","1687
0.46%","700
0.19%","896
0.24%","1667
0.45%","320
0.09%","718
0.20%","744
0.20%","1841
0.50%"
102,477428,448201,78,244110,127347,76666,127422,243413,7846,362989,0,0,"35526
9.58%","3459
0.93%","22117
5.96%","6547
1.77%","266987
71.99%","20832
5.62%","1475
0.40%","541
0.15%","705
0.19%","1238
0.33%","157
0.04%","566
0.15%","665
0.18%","2174
0.59%"
103,475915,459501,0,261247,111201,87053,111115,259727,11764,359078,0,0,"32601
8.79%","3301
0.89%","18807
5.07%","4176
1.13%","274855
74.12%","18997
5.12%","1327
0.36%","415
0.11%","623
0.17%","1256
0.34%","237
0.06%","469
0.13%","484
0.13%","1530
0.41%"
104,497265,453245,0,252306,58692,142247,58687,250316,7334,301669,0,0,"32607
10.55%","2965
0.96%","26299
8.51%","9363
3.03%","199782
64.65%","17370
5.62%","2367
0.77%","828
0.27%","1192
0.39%","2097
0.68%","486
0.16%","1190
0.39%","1656
0.54%","3467
1.12%"
105,497834,438214,4,197312,25496,215402,25497,197056,6024,216529,0,0,"38965
17.51%","1837
0.83%","31016
13.94%","17943
8.06%","67145
30.17%","39405
17.71%","1936
0.87%","655
0.29%","1414
0.64%","4104
1.84%","214
0.10%","1434
0.64%","2058
0.92%","8403
3.78%"
106,530941,481745,0,210815,29765,241167,29761,210579,6479,233861,0,2,"45610
18.98%","1936
0.81%","28219
11.74%","19936
8.29%","69579
28.95%","45950
19.12%","1774
0.74%","746
0.31%","1687
0.70%","5537
2.30%","260
0.11%","1427
0.59%","1748
0.73%","9452
3.93%"
107,513971,420250,0,185519,17727,217004,17725,185453,3876,199302,0,0,"57838
28.47%","1479
0.73%","20183
9.93%","17269
8.50%","61474
30.26%","23210
11.42%","1918
0.94%","788
0.39%","1486
0.73%","2394
1.18%","365
0.18%","1172
0.58%","1843
0.91%","7883
3.88%"
108,666751,657971,0,262628,59306,336037,59301,262416,7768,313949,0,0,"75451
23.45%","2155
0.67%","37894
11.78%","21255
6.61%","116049
36.07%","33813
10.51%","2091
0.65%","714
0.22%","2364
0.73%","4940
1.54%","335
0.10%","1647
0.51%","1838
0.57%","13403
4.17%"
109,461281,404171,161,177237,31333,195440,31486,176895,4556,203825,0,0,"42809
20.54%","1770
0.85%","21569
10.35%","16512
7.92%","86099
41.32%","16492
7.91%","1559
0.75%","671
0.32%","1653
0.79%","2911
1.40%","584
0.28%","1642
0.79%","1327
0.64%","8227
3.95%"
110,442363,387044,0,156541,59516,170987,59515,156157,4909,210763,0,0,"41559
19.27%","1221
0.57%","23698
10.99%","12414
5.76%","98266
45.56%","17583
8.15%","1160
0.54%","622
0.29%","1446
0.67%","3254
1.51%","249
0.12%","1114
0.52%","1075
0.50%","7102
3.29%"
111,584501,536717,1303,226703,19681,289030,20964,224841,7194,238611,0,0,"45853
18.65%","2651
1.08%","19240
7.83%","16906
6.88%","106518
43.33%","21836
8.88%","6203
2.52%","1893
0.77%","2211
0.90%","3163
1.29%","540
0.22%","2197
0.89%","2748
1.12%","6652
2.71%"
112,410892,357161,0,159560,27879,169722,27873,159241,5559,181555,0,0,"35213
18.82%","1631
0.87%","15889
8.49%","12572
6.72%","82053
43.85%","16199
8.66%","2794
1.49%","1163
0.62%","1435
0.77%","3171
1.69%","354
0.19%","1488
0.80%","1800
0.96%","5793
3.10%"
113,406740,345590,0,156385,29200,160005,29134,155967,6008,179093,0,0,"32721
17.68%","1529
0.83%","16399
8.86%","11278
6.09%","77672
41.96%","22253
12.02%","2211
1.19%","1153
0.62%","1395
0.75%","2903
1.57%","306
0.17%","1222
0.66%","1729
0.93%","6322
3.42%"
114,467286,428346,0,202392,39907,186043,39907,202330,6115,236122,4,0,"54158
22.36%","2287
0.94%","19603
8.09%","12338
5.09%","109342
45.14%","15660
6.46%","1533
0.63%","724
0.30%","1695
0.70%","5478
2.26%","307
0.13%","1510
0.62%","2239
0.92%","9248
3.82%"
115,446722,416935,0,190754,48848,177330,48846,190671,4179,235338,3,0,"47755
19.94%","1735
0.72%","17767
7.42%","10835
4.52%","125045
52.21%","13048
5.45%","1173
0.49%","655
0.27%","1324
0.55%","4615
1.93%","283
0.12%","1082
0.45%","2101
0.88%","7920
3.31%"
116,103519,107807,6695,34082,4665,62365,11355,34066,1020,44401,0,0,"9389
20.67%","383
0.84%","4065
8.95%","2374
5.23%","22746
50.08%","2228
4.91%","277
0.61%","111
0.24%","361
0.79%","539
1.19%","68
0.15%","412
0.91%","288
0.63%","1160
2.55%"
117,629051,502618,0,285568,24900,192139,24863,283636,8182,300317,11,0,"59374
19.25%","3829
1.24%","21532
6.98%","15161
4.91%","145421
47.14%","24396
7.91%","5424
1.76%","2381
0.77%","3867
1.25%","3824
1.24%","696
0.23%","3224
1.05%","3107
1.01%","8081
2.62%"
118,565255,430082,0,215924,24643,189517,24628,215503,7341,232790,22,24,"48757
20.30%","2990
1.25%","18847
7.85%","12049
5.02%","100484
41.85%","24087
10.03%","5531
2.30%","1550
0.65%","2823
1.18%","3234
1.35%","664
0.28%","2282
0.95%","2486
1.04%","7006
2.92%"
119,446241,395010,0,178947,42168,173883,42087,178202,7007,213282,12,0,"46437
21.08%","2241
1.02%","16669
7.57%","11209
5.09%","100918
45.81%","15434
7.01%","2042
0.93%","920
0.42%","1656
0.75%","3856
1.75%","331
0.15%","1652
0.75%","1881
0.85%","8036
3.65%"
120,598268,477180,0,248102,46806,182266,46667,246081,7181,285567,7,1,"50574
17.28%","3503
1.20%","21560
7.36%","13552
4.63%","151402
51.72%","19398
6.63%","4515
1.54%","1426
0.49%","2830
0.97%","4076
1.39%","499
0.17%","2399
0.82%","2611
0.89%","7222
2.47%"
121,597519,478918,0,253103,32750,193028,32629,251726,6388,277967,45,8,"58095
20.43%","3054
1.07%","24387
8.58%","13581
4.78%","130773
45.99%","22227
7.82%","4402
1.55%","1543
0.54%","2733
0.96%","4196
1.48%","630
0.22%","2500
0.88%","2934
1.03%","6912
2.43%"
122,594238,518130,0,233988,25701,258402,25661,232501,9736,248426,39,0,"57068
22.11%","3589
1.39%","20243
7.84%","15510
6.01%","106618
41.30%","17852
6.92%","5190
2.01%","1548
0.60%","2738
1.06%","4447
1.72%","421
0.16%","2525
0.98%","2802
1.09%","7875
3.05%"
123,440284,395758,0,185396,43259,167098,43219,185095,6783,221531,6,1,"43280
18.96%","2583
1.13%","16074
7.04%","10033
4.39%","120176
52.64%","11855
5.19%","2545
1.11%","880
0.39%","1707
0.75%","2460
1.08%","370
0.16%","1614
0.71%","1744
0.76%","6210
2.72%"
124,593110,518900,0,206471,18559,293810,18549,205868,7025,217392,60,0,"54750
24.40%","3087
1.38%","15597
6.95%","12557
5.60%","95128
42.39%","13279
5.92%","4003
1.78%","1299
0.58%","2586
1.15%","3240
1.44%","389
0.17%","2237
0.99%","2515
1.12%","6725
2.99%"
125,528409,425964,0,206297,23072,196611,22872,205018,5814,222076,8,24,"43953
19.29%","2745
1.20%","15326
6.73%","12404
5.44%","103875
45.58%","20271
8.90%","4824
2.12%","1327
0.58%","2321
1.02%","3357
1.47%","497
0.22%","1954
0.86%","3055
1.34%","6167
2.71%"
126,454913,382947,0,186228,27255,169442,27093,184448,6859,204682,22,0,"48321
22.84%","2449
1.16%","15643
7.39%","11982
5.66%","92255
43.61%","12865
6.08%","3033
1.43%","1477
0.70%","1901
0.90%","4125
1.95%","295
0.14%","1646
0.78%","2167
1.02%","6523
3.08%"
127,509327,409122,0,203825,18435,186863,18339,202919,7704,213554,7,8,"50541
22.84%","2990
1.35%","17209
7.78%","12193
5.51%","94406
42.67%","13563
6.13%","3298
1.49%","1141
0.52%","2035
0.92%","4132
1.87%","445
0.20%","1855
0.84%","2093
0.95%","7653
3.46%"
128,587394,519532,4334,248866,4291,262041,8619,248219,6011,250827,0,0,"45755
17.81%","3819
1.49%","28406
11.06%","21973
8.56%","91966
35.81%","28795
11.21%","2788
1.09%","1133
0.44%","2567
0.99%","3827
1.49%","457
0.18%","3140
1.22%","1873
0.73%","14328
5.58%"
129,499116,485454,8862,193702,50357,232533,59208,193188,3976,248420,0,0,"48814
19.34%","2159
0.86%","17325
6.86%","12823
5.08%","121190
48.02%","25424
10.07%","3519
1.39%","1765
0.70%","1493
0.59%","2745
1.09%","352
0.14%","1781
0.71%","1458
0.58%","7572
3.00%"
130,512480,490945,0,226285,57682,206978,57660,225463,3923,279200,0,0,"45291
15.99%","2051
0.72%","17240
6.09%","13320
4.70%","161399
57.01%","19753
6.98%","2358
0.83%","1343
0.47%","1575
0.56%","3350
1.18%","315
0.11%","1628
0.58%","1606
0.57%","7971
2.82%"
131,537723,517725,0,203106,51892,262727,51852,202647,4965,249534,0,0,"54137
21.27%","1800
0.71%","17977
7.06%","13306
5.23%","124853
49.06%","20314
7.98%","1723
0.68%","1103
0.43%","1352
0.53%","2891
1.14%","230
0.09%","1370
0.54%","1274
0.50%","7204
2.83%"
132,523847,472046,1986,173795,23774,272491,25681,172608,4540,193749,0,0,"44474
22.43%","1749
0.88%","15606
7.87%","12640
6.37%","81774
41.24%","20887
10.53%","2379
1.20%","958
0.48%","1332
0.67%","2486
1.25%","221
0.11%","1436
0.72%","1220
0.62%","6587
3.32%"
133,498146,467980,0,181635,73392,212953,73380,181223,3921,250682,0,0,"45986
18.06%","1628
0.64%","20586
8.09%","12285
4.83%","131599
51.69%","19834
7.79%","1636
0.64%","1252
0.49%","1603
0.63%","2725
1.07%","243
0.10%","1162
0.46%","1346
0.53%","8797
3.46%"
134,482948,462071,0,178568,20050,263449,20048,178354,5356,193046,4,0,"42312
21.33%","1688
0.85%","18342
9.24%","15141
7.63%","64509
32.51%","28513
14.37%","5843
2.95%","716
0.36%","1410
0.71%","4356
2.20%","242
0.12%","1622
0.82%","1355
0.68%","6997
3.53%"
135,539161,495944,0,188463,16554,290924,16541,188339,5256,199624,3,0,"53175
25.95%","6315
3.08%","19558
9.55%","17138
8.36%","70011
34.17%","13506
6.59%","2569
1.25%","876
0.43%","1690
0.82%","2717
1.33%","358
0.17%","1688
0.82%","3172
1.55%","6851
3.34%"
136,556190,485521,0,185638,20971,278911,20967,185547,5156,201358,1,0,"50881
24.64%","2982
1.44%","22403
10.85%","18034
8.73%","76170
36.88%","12219
5.92%","2727
1.32%","1044
0.51%","1745
0.84%","2310
1.12%","286
0.14%","1546
0.75%","2066
1.00%","6945
3.36%"
137,519967,471056,0,193636,23898,253522,23896,193540,6046,211390,0,0,"55762
25.65%","2258
1.04%","18725
8.61%","19705
9.06%","75871
34.89%","18815
8.65%","2562
1.18%","735
0.34%","1366
0.63%","3071
1.41%","418
0.19%","1179
0.54%","3096
1.42%","7827
3.60%"
138,546600,513608,0,168665,17978,326964,17977,168504,4300,182181,1,0,"51034
27.37%","2307
1.24%","17653
9.47%","16142
8.66%","65329
35.03%","12059
6.47%","1802
0.97%","1116
0.60%","1410
0.76%","3041
1.63%","305
0.16%","1149
0.62%","1710
0.92%","7124
3.82%"
139,499580,465511,0,185379,14720,265413,14694,185050,7140,192604,0,1,"65847
32.97%","1484
0.74%","13334
6.68%","16428
8.22%","60794
30.44%","17656
8.84%","1936
0.97%","560
0.28%","1381
0.69%","4132
2.07%","226
0.11%","1215
0.61%","1130
0.57%","6481
3.24%"
140,520252,513472,0,187275,15488,310709,15488,186960,7718,194730,0,0,"65995
32.60%","1365
0.67%","14447
7.14%","15811
7.81%","62747
30.99%","17039
8.42%","1782
0.88%","585
0.29%","1294
0.64%","4756
2.35%","252
0.12%","1210
0.60%","1156
0.57%","6291
3.11%"
141,470233,447397,0,183365,30387,233645,30387,183174,7530,206031,0,0,"60235
28.21%","1261
0.59%","16705
7.82%","14700
6.88%","79056
37.02%","16151
7.56%","1404
0.66%","559
0.26%","1362
0.64%","5329
2.50%","288
0.13%","1012
0.47%","969
0.45%","7000
3.28%"
142,519656,406209,0,194070,44577,167565,44569,193775,6848,231496,3,6,"61839
25.95%","1556
0.65%","23831
9.99%","15362
6.45%","91877
38.55%","16590
6.96%","1628
0.68%","511
0.21%","1541
0.65%","4713
1.98%","359
0.15%","1445
0.61%","1239
0.52%","9005
3.78%"
143,520668,419042,0,191594,57478,169958,57426,190121,7937,239610,12,0,"62120
25.09%","1326
0.54%","22225
8.98%","13702
5.54%","102646
41.47%","17894
7.23%","1238
0.50%","417
0.17%","1524
0.62%","5317
2.15%","219
0.09%","1117
0.45%","1194
0.48%","8671
3.50%"
144,489923,402241,0,169388,44910,187938,44904,167814,8863,203855,6,1,"58804
27.64%","1127
0.53%","19924
9.37%","13081
6.15%","73476
34.54%","18501
8.70%","1336
0.63%","345
0.16%","1305
0.61%","4891
2.30%","289
0.14%","1048
0.49%","1097
0.52%","8631
4.06%"
145,610410,601739,0,250607,54566,296485,54547,250311,11643,293215,84,3,"66653
21.86%","3153
1.03%","26821
8.80%","18256
5.99%","118370
38.83%","30985
10.16%","2360
0.77%","1041
0.34%","2239
0.73%","5924
1.94%","482
0.16%","2066
0.68%","1854
0.61%","13011
4.27%"
146,510867,468929,0,209114,99183,160632,99176,209006,3413,304769,0,0,"48259
15.66%","1775
0.58%","20538
6.66%","13281
4.31%","187739
60.92%","16241
5.27%","1950
0.63%","610
0.20%","1908
0.62%","3555
1.15%","270
0.09%","1299
0.42%","1234
0.40%","6110
1.98%"
147,525689,466968,0,209372,78575,179021,78572,209251,4566,283257,1,1,"54476
18.93%","1864
0.65%","24192
8.41%","15840
5.50%","147353
51.20%","20068
6.97%","2022
0.70%","675
0.23%","2076
0.72%","4169
1.45%","244
0.08%","1533
0.53%","1480
0.51%","7265
2.52%"
148,518056,444492,0,192050,40104,212338,40101,191491,5263,226329,0,0,"49846
21.52%","1446
0.62%","20010
8.64%","14433
6.23%","92789
40.07%","20952
9.05%","11015
4.76%","1038
0.45%","1646
0.71%","2499
1.08%","273
0.12%","1469
0.63%","2299
0.99%","6614
2.86%"
149,448226,429435,0,182867,40798,205770,40798,182579,4715,218662,0,0,"45845
20.52%","1570
0.70%","15055
6.74%","11308
5.06%","116684
52.24%","11528
5.16%","2223
0.99%","860
0.38%","1673
0.75%","3730
1.67%","292
0.13%","1193
0.53%","1971
0.88%","4730
2.12%"
150,530576,479162,0,216161,19282,243718,19279,215764,3312,231731,1,0,"45956
19.55%","2251
0.96%","15942
6.78%","13007
5.53%","114219
48.59%","21570
9.18%","3291
1.40%","1712
0.73%","1744
0.74%","3147
1.34%","375
0.16%","1669
0.71%","2142
0.91%","4706
2.00%"
151,539432,462504,0,227278,22149,213077,22146,226904,3667,245383,0,0,"55561
22.31%","1889
0.76%","17670
7.09%","13471
5.41%","123243
49.49%","15043
6.04%","2826
1.13%","947
0.38%","1770
0.71%","2991
1.20%","310
0.12%","1727
0.69%","2484
0.99%","5451
2.19%"
152,508356,433251,0,203941,14729,214578,14717,203282,4583,213416,3,0,"49778
22.83%","2478
1.14%","14688
6.74%","16384
7.52%","97955
44.93%","15632
7.17%","2368
1.09%","1257
0.58%","1795
0.82%","2648
1.21%","262
0.12%","1667
0.76%","2110
0.97%","4394
2.02%"
153,459083,433519,0,204158,61075,168282,61074,203907,3562,261419,4,0,"50199
18.94%","1420
0.54%","20003
7.55%","9546
3.60%","149093
56.27%","15270
5.76%","1093
0.41%","644
0.24%","1510
0.57%","3238
1.22%","309
0.12%","1116
0.42%","1610
0.61%","6368
2.40%"
154,464371,390547,59,184371,40740,165375,40798,183919,2660,222057,2,0,"40716
18.12%","1306
0.58%","15996
7.12%","11142
4.96%","122879
54.68%","13703
6.10%","1927
0.86%","576
0.26%","1669
0.74%","3557
1.58%","341
0.15%","1189
0.53%","1798
0.80%","5258
2.34%"
155,450779,434477,0,193962,48104,192410,48103,193626,3477,238252,1,0,"46469
19.22%","1387
0.57%","16181
6.69%","10867
4.50%","130678
54.06%","13674
5.66%","1288
0.53%","560
0.23%","1669
0.69%","3641
1.51%","227
0.09%","988
0.41%","4847
2.01%","5776
2.39%"
156,447962,402014,103,169707,43065,189139,43167,169622,3206,209583,0,0,"45149
21.22%","1423
0.67%","18205
8.56%","12789
6.01%","98731
46.40%","18326
8.61%","2004
0.94%","512
0.24%","1377
0.65%","2929
1.38%","193
0.09%","1073
0.50%","1185
0.56%","5687
2.67%"
157,446521,385617,0,166162,50587,168868,50585,165311,3551,212345,0,0,"40563
18.79%","1658
0.77%","20918
9.69%","12441
5.76%","106147
49.17%","16905
7.83%","1578
0.73%","484
0.22%","1241
0.57%","2258
1.05%","193
0.09%","1227
0.57%","1147
0.53%","5585
2.59%"
158,507165,411170,439,207214,26876,176638,27296,206487,6481,227302,3,0,"55854
23.89%","3804
1.63%","17913
7.66%","13810
5.91%","101849
43.57%","12902
5.52%","3616
1.55%","898
0.38%","2258
0.97%","4399
1.88%","309
0.13%","1718
0.73%","1494
0.64%","6478
2.77%"
159,512226,485902,0,192340,10822,282737,10816,191999,6227,196588,3,0,"57484
28.34%","3655
1.80%","12996
6.41%","15279
7.53%","66209
32.65%","19940
9.83%","2064
1.02%","1291
0.64%","1947
0.96%","5302
2.61%","320
0.16%","1377
0.68%","2212
1.09%","6512
3.21%"
160,475298,393630,3692,202845,53986,133107,57674,202470,5654,254490,1,1,"44984
17.29%","2990
1.15%","18603
7.15%","10291
3.96%","148916
57.24%","11184
4.30%","1736
0.67%","747
0.29%","1757
0.68%","5075
1.95%","385
0.15%","1163
0.45%","1248
0.48%","5411
2.08%"
161,434091,398976,0,197443,32006,169529,31980,197201,6432,222749,0,2,"49040
21.40%","2581
1.13%","18521
8.08%","12016
5.24%","106448
46.45%","14463
6.31%","1485
0.65%","818
0.36%","1874
0.82%","5517
2.41%","300
0.13%","1143
0.50%","1157
0.50%","7386
3.22%"
162,491665,428631,0,179882,24480,224267,24451,179121,6689,196883,2,0,"55655
27.34%","3338
1.64%","16117
7.92%","12081
5.93%","76979
37.81%","12904
6.34%","2109
1.04%","658
0.32%","1987
0.98%","5586
2.74%","310
0.15%","1366
0.67%","1447
0.71%","6346
3.12%"
163,479051,398191,0,211104,34616,152471,34608,210793,2339,243062,0,0,"47888
19.51%","1462
0.60%","11930
4.86%","6581
2.68%","153953
62.74%","9730
3.96%","2010
0.82%","522
0.21%","1177
0.48%","1967
0.80%","206
0.08%","969
0.39%","1034
0.42%","3633
1.48%"
164,471457,435967,0,236500,54737,144723,54711,236252,6351,284612,7,0,"55716
19.15%","1489
0.51%","14607
5.02%","9506
3.27%","175214
60.22%","12626
4.34%","2338
0.80%","551
0.19%","1426
0.49%","3283
1.13%","282
0.10%","1111
0.38%","1487
0.51%","4976
1.71%"
165,447833,410272,0,180923,52093,177254,52091,180843,4434,228500,2,0,"57694
24.77%","1147
0.49%","13479
5.79%","6126
2.63%","128541
55.18%","9203
3.95%","1181
0.51%","372
0.16%","1053
0.45%","2953
1.27%","181
0.08%","845
0.36%","1023
0.44%","4702
2.02%"
166,467199,408355,0,230579,38697,139098,38696,230246,4094,264848,1,20,"54052
20.10%","1275
0.47%","13433
4.99%","7370
2.74%","163536
60.81%","10970
4.08%","2253
0.84%","675
0.25%","1382
0.51%","2628
0.98%","345
0.13%","901
0.34%","1212
0.45%","4816
1.79%"
167,386296,356885,4658,132246,17387,202594,22020,131939,4287,149672,0,0,"44077
28.63%","1584
1.03%","13694
8.89%","13970
9.07%","55002
35.73%","8003
5.20%","1522
0.99%","466
0.30%","1357
0.88%","2860
1.86%","265
0.17%","1252
0.81%","1442
0.94%","4178
2.71%"
168,547113,486440,0,235873,6359,244206,6359,235678,7392,234645,2,0,"46132
19.06%","2837
1.17%","15683
6.48%","25279
10.44%","81037
33.48%","31621
13.06%","13040
5.39%","1375
0.57%","2325
0.96%","3910
1.62%","419
0.17%","2422
1.00%","2045
0.84%","6520
2.69%"
169,471939,424855,1229,208990,12236,202401,13459,208763,7976,214246,0,1,"48374
21.77%","1734
0.78%","17664
7.95%","19108
8.60%","77648
34.94%","28137
12.66%","3921
1.76%","1014
0.46%","1654
0.74%","4097
1.84%","335
0.15%","1767
0.80%","1611
0.72%","7182
3.23%"
170,513205,484210,51,220280,11458,252418,11483,220156,7773,223866,3,0,"46966
20.28%","2106
0.91%","17393
7.51%","21253
9.18%","75152
32.44%","35205
15.20%","6078
2.62%","1355
0.58%","2132
0.92%","4701
2.03%","358
0.15%","2010
0.87%","1989
0.86%","7168
3.09%"
171,430778,381761,0,199948,15289,166524,15253,199740,8311,206682,0,0,"46926
21.83%","1598
0.74%","20520
9.54%","15323
7.13%","73157
34.03%","29573
13.76%","2501
1.16%","833
0.39%","1466
0.68%","4801
2.23%","222
0.10%","1633
0.76%","1362
0.63%","6767
3.15%"
172,486815,429078,366,217879,27468,183365,27803,217737,8894,236646,0,0,"52332
21.31%","1676
0.68%","24747
10.08%","17948
7.31%","91801
37.39%","25777
10.50%","4074
1.66%","941
0.38%","1624
0.66%","4926
2.01%","314
0.13%","1564
0.64%","1520
0.62%","7402
3.01%"
173,447445,414383,224,201197,25394,187568,25616,201062,7788,218890,0,0,"53531
23.62%","1497
0.66%","19496
8.60%","17546
7.74%","77542
34.21%","28919
12.76%","2656
1.17%","784
0.35%","1467
0.65%","5117
2.26%","288
0.13%","1415
0.62%","1387
0.61%","7245
3.20%"
174,428402,372587,1039,203674,22954,144919,23991,203486,8276,219201,1,0,"48936
21.51%","1342
0.59%","22797
10.02%","16017
7.04%","82675
36.34%","27800
12.22%","2109
0.93%","934
0.41%","1423
0.63%","5026
2.21%","281
0.12%","1340
0.59%","1214
0.53%","7307
3.21%"
175,398506,362250,0,149052,24412,188786,24409,149018,4122,169305,0,0,"37026
21.35%","1143
0.66%","17107
9.86%","9392
5.42%","76995
44.40%","12960
7.47%","1143
0.66%","513
0.30%","1406
0.81%","3195
1.84%","189
0.11%","1008
0.58%","1503
0.87%","5725
3.30%"
176,367976,317620,108,132317,15067,170128,15173,132257,3868,143562,0,0,"36177
24.54%","1297
0.88%","18979
12.87%","9767
6.62%","51159
34.70%","11357
7.70%","1610
1.09%","847
0.57%","1446
0.98%","2544
1.73%","234
0.16%","1200
0.81%","1643
1.11%","5302
3.60%"
177,412316,396075,0,174677,70240,151158,70222,174459,3281,241400,0,0,"34585
14.13%","949
0.39%","11370
4.65%","5893
2.41%","142907
58.41%","10685
4.37%","1319
0.54%","634
0.26%","1126
0.46%","1617
0.66%","267
0.11%","873
0.36%","26109
10.67%","3066
1.25%"
178,405370,364947,0,165948,70548,128451,70538,165786,4007,232317,0,0,"37548
15.89%","984
0.42%","12057
5.10%","5882
2.49%","130864
55.37%","12025
5.09%","1089
0.46%","579
0.25%","1120
0.47%","1879
0.80%","227
0.10%","861
0.36%","23743
10.05%","3459
1.46%"
179,514467,457338,0,188452,19084,249798,19077,188267,5545,201799,4,0,"47854
23.08%","1753
0.85%","20710
9.99%","14695
7.09%","68454
33.01%","22470
10.84%","2666
1.29%","888
0.43%","1955
0.94%","3838
1.85%","211
0.10%","1587
0.77%","7278
3.51%","7440
3.59%"
180,518149,456905,0,199621,31248,226033,31246,199360,5641,224965,3,0,"53066
23.01%","1731
0.75%","22568
9.79%","14261
6.18%","86567
37.54%","21181
9.18%","2508
1.09%","756
0.33%","1955
0.85%","4320
1.87%","308
0.13%","1558
0.68%","5056
2.19%","9130
3.96%"
181,385200,330163,0,150425,9653,170085,9649,150235,4647,155237,0,0,"36136
22.60%","1323
0.83%","20733
12.97%","14906
9.32%","50796
31.77%","12957
8.10%","3782
2.37%","2566
1.60%","988
0.62%","3967
2.48%","169
0.11%","1052
0.66%","1093
0.68%","4769
2.98%"
182,382412,303418,1390,144988,11844,145196,13232,144894,4152,153974,0,0,"35202
22.26%","1221
0.77%","17629
11.15%","14845
9.39%","53185
33.63%","14143
8.94%","4157
2.63%","2033
1.29%","1145
0.72%","3119
1.97%","170
0.11%","1009
0.64%","1110
0.70%","5006
3.17%"
183,571265,494545,0,249890,65955,178700,65943,248663,5426,309180,0,0,"51319
16.31%","2640
0.84%","21377
6.79%","17667
5.62%","169259
53.80%","21566
6.85%","3387
1.08%","879
0.28%","2143
0.68%","3531
1.12%","393
0.12%","2294
0.73%","2484
0.79%","10241
3.26%"
184,584533,520736,0,247761,50893,222082,50878,247197,5877,292198,0,0,"51929
17.42%","2527
0.85%","19142
6.42%","15671
5.26%","154698
51.90%","24310
8.16%","2995
1.00%","1037
0.35%","1887
0.63%","3850
1.29%","366
0.12%","2156
0.72%","2911
0.98%","8719
2.93%"
185,543594,496008,1574,291377,44771,158286,46187,290902,6640,330449,0,0,"44451
13.19%","2386
0.71%","35457
10.52%","14643
4.34%","178005
52.81%","33097
9.82%","2049
0.61%","2626
0.78%","1792
0.53%","4223
1.25%","508
0.15%","1777
0.53%","1627
0.48%","7808
2.32%"
186,593082,546538,908,320710,40162,184758,41065,320458,6452,355071,2,2,"49845
13.79%","2445
0.68%","46108
12.75%","16653
4.61%","180626
49.96%","38440
10.63%","1932
0.53%","2156
0.60%","1784
0.49%","4204
1.16%","444
0.12%","1757
0.49%","1529
0.42%","7148
1.98%"
187,464926,418870,0,175827,22349,220695,22348,175579,4832,193095,0,1,"69134
34.93%","1997
1.01%","15077
7.62%","12849
6.49%","69268
34.99%","10092
5.10%","1322
0.67%","755
0.38%","1274
0.64%","3403
1.72%","357
0.18%","1222
0.62%","1249
0.63%","5096
2.57%"
188,505186,478820,0,198216,48679,231925,48675,197883,5579,240979,0,0,"78175
31.71%","1616
0.66%","17799
7.22%","10993
4.46%","104205
42.26%","12140
4.92%","1080
0.44%","683
0.28%","1306
0.53%","4212
1.71%","325
0.13%","1050
0.43%","1253
0.51%","6142
2.49%"
189,600397,528172,0,230317,42623,255231,42606,230146,5887,266865,1,0,"49801
18.26%","2723
0.99%","18348
6.73%","22295
8.17%","101675
37.28%","46104
16.90%","4105
1.51%","1080
0.40%","2483
0.91%","2671
0.98%","342
0.13%","2840
1.04%","2381
0.87%","10017
3.67%"
190,476411,444828,0,192455,31573,220799,31562,192338,5885,218015,1,0,"41648
18.60%","1921
0.86%","17355
7.75%","17250
7.70%","80746
36.06%","39309
17.56%","2353
1.05%","666
0.30%","1735
0.77%","2299
1.03%","262
0.12%","1968
0.88%","1748
0.78%","8755
3.91%"
191,515799,443132,0,199203,24475,219453,24474,199077,6420,217131,1,0,"39751
17.78%","1939
0.87%","14865
6.65%","17281
7.73%","67138
30.03%","56488
25.27%","2604
1.16%","759
0.34%","1682
0.75%","2539
1.14%","294
0.13%","1957
0.88%","1717
0.77%","8117
3.63%"
192,477883,441962,0,201803,43426,196734,43423,201702,6970,238155,0,1,"54954
22.42%","2085
0.85%","23978
9.78%","22466
9.17%","84260
34.37%","28662
11.69%","2245
0.92%","629
0.26%","2268
0.93%","4176
1.70%","302
0.12%","2063
0.84%","1653
0.67%","8414
3.43%"
193,517000,458160,0,214206,24132,219810,24131,214098,6939,231290,12,0,"50863
21.35%","1865
0.78%","19639
8.24%","20647
8.67%","79140
33.22%","37032
15.54%","1797
0.75%","684
0.29%","1760
0.74%","3960
1.66%","272
0.11%","1752
0.74%","1737
0.73%","10142
4.26%"
194,520209,487093,0,203323,14069,269701,14068,201990,3223,212835,0,0,"49489
22.91%","2924
1.35%","18298
8.47%","17633
8.16%","64313
29.77%","41143
19.04%","3480
1.61%","883
0.41%","2102
0.97%","2431
1.13%","281
0.13%","1609
0.74%","1695
0.78%","6554
3.03%"
195,486347,456450,0,198890,20552,237004,20551,198312,3558,215305,5,1,"49433
22.59%","2640
1.21%","20717
9.47%","16551
7.56%","64949
29.68%","42350
19.35%","3042
1.39%","838
0.38%","2138
0.98%","2799
1.28%","270
0.12%","1591
0.73%","1761
0.80%","6226
2.84%"
196,513690,506971,0,247100,13442,246420,13399,242904,4204,252099,10,1,"61783
24.11%","6390
2.49%","17766
6.93%","16526
6.45%","89681
34.99%","19041
7.43%","12760
4.98%","3588
1.40%","6084
2.37%","2661
1.04%","728
0.28%","4906
1.91%","3052
1.19%","7133
2.78%"
197,514526,486705,0,235473,9611,241598,9580,231728,2736,238572,26,3,"60845
25.21%","6192
2.57%","15345
6.36%","15958
6.61%","84118
34.86%","17222
7.14%","14203
5.89%","2950
1.22%","4639
1.92%","2744
1.14%","423
0.18%","4330
1.79%","3189
1.32%","6414
2.66%"
198,535919,538519,0,252269,9155,277095,9114,248606,4095,253625,2,2,"53702
20.84%","7495
2.91%","18360
7.12%","18773
7.28%","87011
33.76%","22731
8.82%","17296
6.71%","2791
1.08%","6030
2.34%","2789
1.08%","653
0.25%","4991
1.94%","3279
1.27%","7724
2.99%"
199,514965,531429,0,251497,16806,263120,16801,247382,2796,261387,7,1,"58349
22.09%","5670
2.15%","19244
7.28%","17208
6.51%","109636
41.50%","17776
6.73%","7737
2.93%","2987
1.13%","4786
1.81%","2619
0.99%","783
0.30%","4020
1.52%","2747
1.04%","7825
2.96%"
200,470737,511425,0,228275,10795,272354,10776,224777,3952,231601,1,0,"55290
23.47%","6171
2.62%","19120
8.12%","14548
6.18%","86826
36.86%","17163
7.29%","8289
3.52%","2033
0.86%","3957
1.68%","2781
1.18%","610
0.26%","4957
2.10%","2742
1.16%","7114
3.02%"
201,489198,479568,0,234273,13875,231416,13800,230323,3751,240372,4,0,"57286
23.47%","4700
1.93%","17538
7.18%","18034
7.39%","90342
37.01%","17790
7.29%","10960
4.49%","2528
1.04%","4780
1.96%","2871
1.18%","453
0.19%","3756
1.54%","2877
1.18%","6457
2.64%"
202,696042,712870,0,335961,12150,364765,12146,330965,4233,338878,5,11,"69910
20.38%","6807
1.98%","24527
7.15%","35625
10.38%","134910
39.32%","23481
6.84%","10330
3.01%","4695
1.37%","6268
1.83%","3519
1.03%","965
0.28%","5687
1.66%","3705
1.08%","8449
2.46%"
203,510367,533631,0,243184,10933,279512,10866,238993,2595,247264,12,10,"56858
22.76%","5830
2.33%","19484
7.80%","16311
6.53%","99806
39.94%","17923
7.17%","7371
2.95%","2128
0.85%","4573
1.83%","3049
1.22%","696
0.28%","4072
1.63%","2665
1.07%","6498
2.60%"
204,524881,542029,47,262480,14657,264844,14661,257510,2892,269279,2,1,"64794
23.81%","6647
2.44%","19614
7.21%","16590
6.10%","105158
38.64%","19343
7.11%","8861
3.26%","2385
0.88%","4912
1.80%","3087
1.13%","744
0.27%","4602
1.69%","3750
1.38%","8792
3.23%"
205,472024,487959,0,228903,14613,244316,14603,225540,3204,236939,127,0,"57356
23.88%","5870
2.44%","18212
7.58%","14906
6.21%","86614
36.07%","16772
6.98%","11197
4.66%","2397
0.99%","4675
1.95%","2629
1.09%","549
0.23%","5379
2.24%","3225
1.34%","7158
2.98%"
206,494961,476517,0,234498,11786,230226,11778,230641,3222,239197,8,1,"56006
23.10%","6079
2.51%","16497
6.81%","18250
7.53%","87542
36.11%","18228
7.52%","11126
4.59%","2408
0.99%","4594
1.90%","3007
1.24%","462
0.19%","3693
1.52%","2947
1.22%","8358
3.45%"
207,519925,534326,0,249865,16257,268203,16233,245817,3049,259001,1,0,"61092
23.31%","6517
2.49%","19112
7.29%","18171
6.93%","95601
36.48%","20213
7.71%","10328
3.94%","2792
1.07%","4542
1.73%","3228
1.23%","775
0.30%","4577
1.75%","4588
1.75%","7465
2.85%"
208,507764,482894,0,238668,15269,228957,15232,235443,3383,247292,0,0,"50978
20.34%","5501
2.19%","15614
6.23%","17084
6.82%","86715
34.59%","17121
6.83%","25633
10.23%","3627
1.45%","6555
2.61%","2144
0.86%","722
0.29%","4906
1.96%","2802
1.12%","7890
3.15%"
209,522306,519984,0,241074,12747,266164,12722,237076,3149,246649,0,1,"52616
21.06%","5703
2.28%","15614
6.25%","17060
6.83%","86879
34.78%","19938
7.98%","23966
9.59%","3283
1.31%","5122
2.05%","2378
0.95%","836
0.33%","3796
1.52%","2897
1.16%","6561
2.63%"
210,482709,520275,0,231726,7744,280803,7742,228012,2320,233434,2,0,"54734
23.22%","6635
2.81%","16033
6.80%","17387
7.38%","90576
38.42%","17524
7.43%","8256
3.50%","1983
0.84%","4149
1.76%","2950
1.25%","907
0.38%","3790
1.61%","2622
1.11%","5888
2.50%"
211,455984,362500,0,171654,6656,184190,6628,170401,3756,173273,0,0,"30940
17.48%","2374
1.34%","10431
5.89%","13228
7.47%","73648
41.60%","14189
8.02%","8734
4.93%","6413
3.62%","2393
1.35%","2633
1.49%","341
0.19%","1907
1.08%","1866
1.05%","4176
2.36%"
212,522004,437369,0,180422,4124,252820,4115,179526,6029,177612,3,0,"34685
18.89%","2441
1.33%","12726
6.93%","14996
8.17%","56330
30.67%","26182
14.26%","8603
4.68%","4759
2.59%","2841
1.55%","2826
1.54%","304
0.17%","2136
1.16%","2770
1.51%","6013
3.27%"
213,529459,441202,0,187665,20295,233213,20177,185898,4980,201095,38,9,"39353
19.10%","2498
1.21%","12218
5.93%","15726
7.63%","73267
35.55%","19095
9.27%","15363
7.46%","4812
2.34%","3805
1.85%","2983
1.45%","548
0.27%","2370
1.15%","2770
1.34%","6287
3.05%"
214,498055,416150,0,171676,9221,235258,9148,170470,4361,175257,0,5,"32812
18.27%","2424
1.35%","11117
6.19%","14462
8.05%","59257
32.99%","25378
14.13%","9733
5.42%","4493
2.50%","2797
1.56%","2128
1.18%","287
0.16%","2235
1.24%","2766
1.54%","5368
2.99%"
215,527423,456463,0,199631,5622,251209,5596,197666,4223,199039,1,0,"34164
16.81%","2724
1.34%","12257
6.03%","14091
6.93%","74805
36.80%","27781
13.67%","10215
5.03%","5933
2.92%","2994
1.47%","2691
1.32%","493
0.24%","2645
1.30%","2694
1.33%","5552
2.73%"
216,431714,343389,0,167031,11007,165363,10779,165005,3722,172062,16,28,"25998
14.79%","2051
1.17%","9125
5.19%","10983
6.25%","66877
38.04%","14352
8.16%","24094
13.71%","6412
3.65%","2412
1.37%","1788
1.02%","294
0.17%","1931
1.10%","1917
1.09%","3828
2.18%"
217,440351,372850,626,148631,3980,219595,4551,147630,3993,148188,18,0,"28187
18.52%","1780
1.17%","10877
7.15%","10080
6.62%","51916
34.11%","12158
7.99%","6169
4.05%","14379
9.45%","2161
1.42%","1794
1.18%","284
0.19%","1657
1.09%","1940
1.27%","4806
3.16%"
218,534927,455856,0,187620,5913,262440,5906,186566,5313,187159,32,149,"37055
19.25%","2746
1.43%","12437
6.46%","17257
8.97%","58347
30.31%","19417
10.09%","18154
9.43%","5694
2.96%","2827
1.47%","2626
1.36%","327
0.17%","2249
1.17%","2550
1.32%","5473
2.84%"
219,338108,273709,2639,113945,49971,107152,52389,112846,2960,162275,2,0,"20845
12.62%","2608
1.58%","14167
8.57%","8757
5.30%","93272
56.45%","12478
7.55%","1095
0.66%","547
0.33%","1042
0.63%","1226
0.74%","225
0.14%","1194
0.72%","1266
0.77%","3553
2.15%"
220,125347,127559,43,51126,27966,48418,28009,51117,2573,76553,6,0,"14831
18.74%","445
0.56%","6561
8.29%","2629
3.32%","44623
56.39%","2819
3.56%","374
0.47%","188
0.24%","516
0.65%","1085
1.37%","129
0.16%","350
0.44%","411
0.52%","1592
2.01%"
221,36107,31990,2420,12591,374,16605,2791,12586,383,14994,0,0,"4917
31.98%","307
1.99%","1720
11.19%","996
6.48%","4469
29.06%","1226
7.97%","121
0.79%","61
0.40%","109
0.71%","243
1.58%","14
0.09%","162
1.05%","185
1.20%","464
3.02%"
222,563231,481426,29264,231774,47564,172824,76448,231082,11807,295723,0,0,"47155
15.33%","2234
0.73%","38253
12.44%","14073
4.58%","152811
49.69%","14525
4.72%","2024
0.66%","1288
0.42%","3273
1.06%","5184
1.69%","734
0.24%","2195
0.71%","1652
0.54%","10322
3.36%"
223,597240,487630,2568,216882,12956,255224,14757,216641,9956,221442,0,0,"48374
20.91%","2804
1.21%","28459
12.30%","20390
8.81%","75163
32.48%","16642
7.19%","1926
0.83%","1180
0.51%","5497
2.38%","4628
2.00%","482
0.21%","2570
1.11%","1922
0.83%","11405
4.93%"
224,30704,30350,1912,15905,1002,11531,2859,15696,742,17813,0,0,"2318
12.49%","226
1.22%","2813
15.16%","919
4.95%","8667
46.71%","1162
6.26%","147
0.79%","87
0.47%","171
0.92%","229
1.23%","47
0.25%","251
1.35%","160
0.86%","616
3.32%"
225,376862,372342,46328,190839,16887,118288,63171,190123,3555,249739,0,0,"18145
7.16%","1093
0.43%","34172
13.49%","3048
1.20%","174561
68.92%","10228
4.04%","859
0.34%","772
0.30%","1007
0.40%","1546
0.61%","426
0.17%","1003
0.40%","873
0.34%","2006
0.79%"
