id,1,2,3,4,5,6,7,8,9,10,11,12,13,14,15,16,17,18,19,20,21,22,23,24,25,26,percent13,percent14,percent15,percent16,percent17,percent18,percent19,percent20,percent21,percent22,percent23,percent24,percent25,percent26,winner_index
Сумма,109204662,99579130,193652,48157320,8133713,43093749,8320802,48008888,1171581,55158109,1203,507,10660669,512418,4252252,2997744,28064200,4201744,753268,291465,431530,715621,86964,357870,450449,1381915,0.1893,0.0091,0.0755,0.0532,0.4982,0.0746,0.0134,0.0052,0.0077,0.0127,0.0015,0.0064,0.008,0.0245,17
1,341943,335533,0,191841,41405,102254,41198,191297,3167,229328,52,19,33871,872,15195,6460,154491,9168,800,401,2386,1874,173,674,736,2227,0.1457,0.0038,0.0654,0.0278,0.6645,0.0394,0.0034,0.0017,0.0103,0.0081,0.0007,0.0029,0.0032,0.0096,17
2,160838,154203,624,68903,4757,79919,5381,68897,1683,72595,0,0,22351,750,5830,3658,28600,6576,332,111,914,1011,58,367,407,1630,0.3009,0.0101,0.0785,0.0492,0.385,0.0885,0.0045,0.0015,0.0123,0.0136,0.0008,0.0049,0.0055,0.0219,17
3,504209,470533,0,332526,45669,92338,45631,332151,3181,374601,0,0,52937,1520,36937,7449,257938,8137,1418,636,920,1664,438,763,723,3121,0.1401,0.004,0.0978,0.0197,0.6828,0.0215,0.0038,0.0017,0.0024,0.0044,0.0012,0.002,0.0019,0.0083,17
4,524412,507472,0,355196,51307,100969,51306,354892,3570,402628,0,0,50118,1848,30201,8459,289151,10479,1455,863,1187,2431,678,888,946,3924,0.1234,0.0045,0.0744,0.0208,0.7118,0.0258,0.0036,0.0021,0.0029,0.006,0.0017,0.0022,0.0023,0.0097,17
5,536125,503437,0,341645,49872,111920,49868,340540,3510,386898,0,0,59864,1604,61697,9447,233787,9410,1272,718,1100,1986,523,873,964,3653,0.1533,0.0041,0.158,0.0242,0.5988,0.0241,0.0033,0.0018,0.0028,0.0051,0.0013,0.0022,0.0025,0.0094,17
6,474329,451925,0,321131,36599,94195,36598,321058,3645,354011,0,0,52070,1532,19506,12506,246884,7872,1855,760,1110,2673,1350,833,925,4135,0.1456,0.0043,0.0545,0.035,0.6903,0.022,0.0052,0.0021,0.0031,0.0075,0.0038,0.0023,0.0026,0.0116,17
7,464840,463492,0,310798,36945,115747,36911,310328,3977,343262,2,0,55889,2165,20577,10583,237224,6903,843,639,964,2345,431,690,760,3249,0.161,0.0062,0.0593,0.0305,0.6832,0.0199,0.0024,0.0018,0.0028,0.0068,0.0012,0.002,0.0022,0.0094,17
8,504343,477601,0,274488,33647,169448,33646,274124,3496,304274,18,0,51557,1655,20599,12573,191793,14539,1039,639,1083,2360,477,842,970,4148,0.1675,0.0054,0.0669,0.0409,0.6232,0.0472,0.0034,0.0021,0.0035,0.0077,0.0015,0.0027,0.0032,0.0135,17
9,699273,607857,4622,275012,34803,293420,39396,274808,7151,307053,0,0,84006,5619,18033,35244,133946,11177,1301,395,1189,3946,565,1464,889,9279,0.2674,0.0179,0.0574,0.1122,0.4263,0.0356,0.0041,0.0013,0.0038,0.0126,0.0018,0.0047,0.0028,0.0295,17
10,513089,483532,100,422777,12711,47914,12454,422561,2793,432222,30,0,27653,2500,12735,4337,351134,22578,400,5806,1629,1149,401,187,625,1088,0.0636,0.0057,0.0293,0.0099,0.8072,0.0519,0.0009,0.0133,0.0037,0.0026,0.0009,0.0004,0.0014,0.0025,17
11,598325,577590,0,495510,13716,68273,13687,495188,2591,506284,99,8,28446,647,12779,3861,413500,32032,830,5871,3300,1760,244,258,739,2017,0.0559,0.0013,0.0251,0.0076,0.8126,0.0629,0.0016,0.0115,0.0065,0.0035,0.0005,0.0005,0.0015,0.004,17
12,588195,579798,0,473449,18281,88040,18255,472951,3719,487487,69,41,32866,731,10230,3031,400335,25128,557,3337,6134,2006,356,394,674,1708,0.0669,0.0015,0.0208,0.0062,0.815,0.0512,0.0011,0.0068,0.0125,0.0041,0.0007,0.0008,0.0014,0.0035,17
13,234660,214556,0,189708,6664,18184,6664,189680,1757,194587,0,0,7174,308,3470,1175,167239,10082,1656,463,636,345,234,248,324,1233,0.0365,0.0016,0.0177,0.006,0.8518,0.0513,0.0084,0.0024,0.0032,0.0018,0.0012,0.0013,0.0017,0.0063,17
14,539787,535501,0,339394,123659,72448,123658,338596,586,461668,0,0,77135,708,1633,304,366099,13413,318,349,291,325,258,268,285,282,0.1669,0.0015,0.0035,0.0007,0.792,0.029,0.0007,0.0008,0.0006,0.0007,0.0006,0.0006,0.0006,0.0006,17
15,196946,190597,0,84775,13710,92110,13710,84653,3225,95138,5,3,25540,756,3381,12026,38875,5761,841,176,871,1860,528,551,388,3584,0.2597,0.0077,0.0344,0.1223,0.3952,0.0586,0.0085,0.0018,0.0089,0.0189,0.0054,0.0056,0.0039,0.0364,17
16,301151,288090,0,183682,85427,18981,85423,183505,890,268038,0,0,35011,478,5061,886,215309,5403,497,329,601,1555,1678,130,524,576,0.1302,0.0018,0.0188,0.0033,0.8006,0.0201,0.0018,0.0012,0.0022,0.0058,0.0062,0.0005,0.0019,0.0021,17
17,510216,461103,595,190898,11162,258434,11711,190539,6877,195373,15,1,32374,1853,19757,14162,64087,23721,15118,2808,2205,4695,212,3090,1790,9501,0.1601,0.0092,0.0977,0.07,0.3169,0.1173,0.0747,0.0139,0.0109,0.0232,0.001,0.0153,0.0089,0.047,17
18,644255,573127,4125,231967,18209,318824,22305,231876,8005,246176,2,0,68314,2996,30400,24332,74839,21165,2199,845,2127,3692,293,3411,2425,9138,0.2688,0.0118,0.1196,0.0957,0.2944,0.0833,0.0087,0.0033,0.0084,0.0145,0.0012,0.0134,0.0095,0.036,17
19,512421,397046,0,192458,48389,156196,48388,191679,6814,233253,3,0,24106,2453,18807,10607,145042,15213,1805,596,1568,2189,330,1664,2851,6022,0.1004,0.0102,0.0783,0.0442,0.6042,0.0634,0.0075,0.0025,0.0065,0.0091,0.0014,0.0069,0.0119,0.0251,17
20,495016,385652,0,197100,52602,135950,52600,196867,6333,243134,0,0,22130,2177,19762,10054,160355,13501,1767,620,1302,2294,335,1667,1627,5543,0.0887,0.0087,0.0792,0.0403,0.6428,0.0541,0.0071,0.0025,0.0052,0.0092,0.0013,0.0067,0.0065,0.0222,17
21,493513,378649,0,205205,50976,122468,50965,204953,6691,249227,0,0,21971,2251,19240,8827,166725,15507,1762,579,1286,1831,283,1585,1600,5780,0.0859,0.0088,0.0752,0.0345,0.6515,0.0606,0.0069,0.0023,0.005,0.0072,0.0011,0.0062,0.0063,0.0226,17
22,531951,503387,0,218972,26314,258096,26314,218915,5969,239260,5,0,89018,1715,19481,15085,81969,15896,1401,762,1274,2962,293,1275,1652,6477,0.363,0.007,0.0794,0.0615,0.3343,0.0648,0.0057,0.0031,0.0052,0.0121,0.0012,0.0052,0.0067,0.0264,13
23,590906,479531,0,312093,72667,94776,72654,311475,5387,378742,9,14,49928,1650,29777,11515,253527,16536,1629,797,1543,3590,493,1236,1196,5325,0.1299,0.0043,0.0775,0.0299,0.66,0.043,0.0042,0.0021,0.004,0.0093,0.0013,0.0032,0.0031,0.0139,17
24,659338,610148,6455,302480,28824,272389,35277,302387,6949,330715,0,0,118683,2455,17354,33317,112160,27643,3534,602,1878,4295,812,1652,1145,5185,0.3515,0.0073,0.0514,0.0987,0.3322,0.0819,0.0105,0.0018,0.0056,0.0127,0.0024,0.0049,0.0034,0.0154,13
25,520743,498501,0,327295,123715,47491,123660,326860,4777,445743,0,0,51782,1869,6430,2518,320410,47507,1670,1511,1141,2314,1440,1600,3293,2258,0.1149,0.0041,0.0143,0.0056,0.7112,0.1054,0.0037,0.0034,0.0025,0.0051,0.0032,0.0036,0.0073,0.005,17
26,497923,471049,0,335044,46336,89669,46326,334695,3425,377596,0,0,38031,1105,9203,3853,304276,9297,1403,1847,1198,2869,626,852,953,2083,0.0998,0.0029,0.0242,0.0101,0.7986,0.0244,0.0037,0.0048,0.0031,0.0075,0.0016,0.0022,0.0025,0.0055,17
27,520716,513454,0,344140,75712,93602,75709,343931,4303,415337,0,0,40627,1148,11217,3593,336157,11168,1587,1748,1198,2451,609,825,789,2220,0.0968,0.0027,0.0267,0.0086,0.8011,0.0266,0.0038,0.0042,0.0029,0.0058,0.0015,0.002,0.0019,0.0053,17
28,433638,439469,285,324159,57759,57266,58044,324030,3788,378286,0,0,37643,777,5293,2784,317703,5381,1110,1288,847,1761,532,714,727,1726,0.0985,0.002,0.0139,0.0073,0.8315,0.0141,0.0029,0.0034,0.0022,0.0046,0.0014,0.0019,0.0019,0.0045,17
29,519310,492363,0,324075,101860,66428,101860,323913,4456,421317,0,0,27705,1039,17405,4874,325481,15802,1005,3841,808,19541,588,685,863,1680,0.0651,0.0024,0.0409,0.0114,0.7644,0.0371,0.0024,0.009,0.0019,0.0459,0.0014,0.0016,0.002,0.0039,17
30,423117,431852,38,300540,61819,69450,61855,300482,2480,359857,5,0,36050,1010,10094,4596,289412,7008,1704,1766,1138,2415,557,803,836,2468,0.0995,0.0028,0.0279,0.0127,0.7987,0.0193,0.0047,0.0049,0.0031,0.0067,0.0015,0.0022,0.0023,0.0068,17
31,546834,508786,0,328375,21285,159126,21284,327808,3613,345479,0,0,43558,1161,12227,3744,260006,13812,1864,1077,1391,1901,677,930,831,2300,0.1248,0.0033,0.035,0.0107,0.7448,0.0396,0.0053,0.0031,0.004,0.0054,0.0019,0.0027,0.0024,0.0066,17
32,197564,184130,9759,115062,39705,19578,49271,114887,1284,162874,26,0,6888,518,2981,3747,140090,4918,279,211,317,898,79,310,705,933,0.042,0.0032,0.0182,0.0228,0.8534,0.0299,0.0017,0.0013,0.0019,0.0055,0.0005,0.0019,0.0043,0.0057,17
33,554986,521076,0,241397,26542,253136,26541,241357,7953,259945,1,0,68933,2164,26329,20102,95415,23526,1971,823,1535,3696,289,2119,1536,11507,0.2573,0.0081,0.0983,0.075,0.3562,0.0878,0.0074,0.0031,0.0057,0.0138,0.0011,0.0079,0.0057,0.043,17
34,609479,568602,0,261173,23434,283988,23434,261102,7230,277306,7,0,70869,2571,26953,20603,101412,27262,2885,877,1650,3481,554,2395,2948,12846,0.2491,0.009,0.0947,0.0724,0.3564,0.0958,0.0101,0.0031,0.0058,0.0122,0.0019,0.0084,0.0104,0.0451,17
35,394707,377042,447,137992,9767,228856,10212,137898,4352,143758,2,22,44205,1730,11875,14588,49412,9740,941,403,1166,2836,370,1028,1174,4290,0.2985,0.0117,0.0802,0.0985,0.3336,0.0658,0.0064,0.0027,0.0079,0.0191,0.0025,0.0069,0.0079,0.029,17
36,775256,762116,577,682015,49376,30148,49953,682015,530,731438,0,0,5489,1683,816,1738,703613,6810,963,1718,2396,1050,964,1047,1351,1800,0.0075,0.0023,0.0011,0.0024,0.9613,0.0093,0.0013,0.0023,0.0033,0.0014,0.0013,0.0014,0.0018,0.0025,17
37,463708,418168,0,237609,31463,149094,31453,237489,8526,260416,4,2,59877,2156,18123,15123,101559,40475,1342,838,1646,4968,483,1262,1198,11366,0.2226,0.008,0.0674,0.0562,0.3776,0.1505,0.005,0.0031,0.0061,0.0185,0.0018,0.0047,0.0045,0.0423,17
38,448245,376797,0,218974,32082,125735,32078,218720,7371,243427,7,1,57124,2518,17170,14539,91695,36995,1600,843,1576,4741,583,1508,1340,11195,0.2278,0.01,0.0685,0.058,0.3656,0.1475,0.0064,0.0034,0.0063,0.0189,0.0023,0.006,0.0053,0.0446,17
39,432296,378251,429,150705,25470,201647,25894,150622,4377,172139,0,0,51957,1242,16656,10878,58791,18577,1881,451,997,4126,150,924,936,4573,0.2943,0.007,0.0944,0.0616,0.3331,0.1052,0.0107,0.0026,0.0056,0.0234,0.0008,0.0052,0.0053,0.0259,17
40,486208,394197,13,169113,21287,203784,21296,169024,5147,185173,0,0,62058,1185,17024,12543,61171,16965,1684,420,977,4313,147,813,1215,4658,0.3261,0.0062,0.0894,0.0659,0.3214,0.0891,0.0088,0.0022,0.0051,0.0227,0.0008,0.0043,0.0064,0.0245,13
41,470545,414844,7,160373,19062,235400,19004,160324,4569,174759,2,0,53948,1083,16584,12263,58430,18616,1644,417,987,3851,129,888,957,4962,0.3008,0.006,0.0925,0.0684,0.3258,0.1038,0.0092,0.0023,0.0055,0.0215,0.0007,0.005,0.0053,0.0277,17
42,417630,391815,10389,153664,29363,198397,39751,153545,4883,188413,3,1,57897,1108,16948,9326,70579,18667,2016,472,996,3853,222,858,902,4569,0.2995,0.0057,0.0877,0.0482,0.3651,0.0966,0.0104,0.0024,0.0052,0.0199,0.0011,0.0044,0.0047,0.0236,17
43,393012,381652,4072,117327,34001,226252,38070,117221,3892,151399,0,0,30289,1778,19460,15461,60692,11402,969,496,913,2993,166,846,1060,4874,0.195,0.0114,0.1253,0.0996,0.3908,0.0734,0.0062,0.0032,0.0059,0.0193,0.0011,0.0054,0.0068,0.0314,17
44,396326,397976,3459,123386,28357,242772,31814,123172,4734,150252,2,0,31756,1080,18248,13566,59276,14464,702,393,780,2975,205,643,985,5179,0.2049,0.007,0.1177,0.0875,0.3825,0.0933,0.0045,0.0025,0.005,0.0192,0.0013,0.0041,0.0064,0.0334,17
45,233851,231790,1816,93404,3860,132708,5631,93229,3648,95212,2,0,23597,1098,11525,8646,34362,6843,758,312,777,2073,140,900,627,3554,0.2387,0.0111,0.1166,0.0875,0.3476,0.0692,0.0077,0.0032,0.0079,0.021,0.0014,0.0091,0.0063,0.0359,17
46,566415,510345,0,188577,67805,253963,67798,188395,3492,252701,0,0,54115,2370,13443,17817,129013,19199,2523,1394,2029,2365,736,1602,1932,4163,0.2112,0.0093,0.0525,0.0695,0.5036,0.0749,0.0098,0.0054,0.0079,0.0092,0.0029,0.0063,0.0075,0.0162,17
47,642620,588443,0,224671,89125,274647,89123,224452,4199,309376,0,0,60057,1911,17364,17627,173388,21400,2467,1259,2227,2931,569,1426,1862,4888,0.1915,0.0061,0.0554,0.0562,0.5529,0.0682,0.0079,0.004,0.0071,0.0093,0.0018,0.0045,0.0059,0.0156,17
48,523420,500776,0,283961,106382,110433,106354,283639,4132,385861,0,0,55914,1862,21145,13859,256960,18688,2002,1326,1929,3425,578,1239,1871,5063,0.1434,0.0048,0.0542,0.0355,0.6589,0.0479,0.0051,0.0034,0.0049,0.0088,0.0015,0.0032,0.0048,0.013,17
49,565453,523525,0,322066,67329,134130,67322,321523,4940,383905,0,0,52466,2270,14880,18940,242189,32062,2057,4867,2404,2966,578,1451,1999,4776,0.1349,0.0058,0.0383,0.0487,0.6228,0.0825,0.0053,0.0125,0.0062,0.0076,0.0015,0.0037,0.0051,0.0123,17
50,541973,493856,0,277760,75633,140463,75623,277669,4347,348945,0,0,57286,2315,24453,15564,212927,15401,3940,1677,2427,3272,856,1796,1946,5085,0.1621,0.0066,0.0692,0.0441,0.6027,0.0436,0.0112,0.0047,0.0069,0.0093,0.0024,0.0051,0.0055,0.0144,17
51,462620,455369,0,277084,106865,71420,106865,277007,2561,381311,0,0,41600,1364,21740,16807,261774,23786,1974,1508,1418,2198,963,910,1385,3884,0.1084,0.0036,0.0566,0.0438,0.6819,0.062,0.0051,0.0039,0.0037,0.0057,0.0025,0.0024,0.0036,0.0101,17
52,525042,503703,0,291926,108633,103144,108536,291523,4401,395658,0,0,58172,1615,22278,13931,258726,25075,2254,1178,1678,2582,515,1128,1719,4807,0.1454,0.004,0.0557,0.0348,0.6467,0.0627,0.0056,0.0029,0.0042,0.0065,0.0013,0.0028,0.0043,0.012,17
53,492711,487063,0,236056,100172,150835,100168,235959,6564,329563,0,0,58278,1735,22842,17301,185944,23263,3871,1332,2273,3121,653,1263,2107,5580,0.1734,0.0052,0.068,0.0515,0.5532,0.0692,0.0115,0.004,0.0068,0.0093,0.0019,0.0038,0.0063,0.0166,17
54,515129,467586,14,186979,14493,266100,14499,186515,6072,194942,0,0,46408,7077,31158,15767,65159,12754,1437,438,1172,4134,229,1754,1571,5884,0.2309,0.0352,0.155,0.0784,0.3242,0.0634,0.0071,0.0022,0.0058,0.0206,0.0011,0.0087,0.0078,0.0293,17
55,563289,472343,0,212585,7706,252052,7680,212112,5716,214076,0,0,48716,10515,32891,21663,66193,14155,2222,594,1455,4450,282,2399,1862,6679,0.2216,0.0478,0.1496,0.0986,0.3012,0.0644,0.0101,0.0027,0.0066,0.0202,0.0013,0.0109,0.0085,0.0304,17
56,547079,523159,687,214597,20453,287422,21041,214235,6494,228782,0,0,63421,7910,25584,17594,81261,12985,1718,554,1388,5331,305,2020,2036,6675,0.2696,0.0336,0.1087,0.0748,0.3454,0.0552,0.0073,0.0024,0.0059,0.0227,0.0013,0.0086,0.0087,0.0284,17
57,452598,434259,5368,181827,19895,227169,25262,181560,6391,200431,0,0,38848,3741,28374,12609,86277,13112,1221,616,1463,4505,328,1608,1544,6185,0.1878,0.0181,0.1372,0.061,0.4172,0.0634,0.0059,0.003,0.0071,0.0218,0.0016,0.0078,0.0075,0.0299,17
58,508854,379485,0,184071,16846,178568,16842,183785,9037,191590,0,0,48038,1457,17436,19051,67003,19218,4020,648,1423,2724,315,2006,1291,6960,0.2394,0.0073,0.0869,0.095,0.334,0.0958,0.02,0.0032,0.0071,0.0136,0.0016,0.0099,0.0064,0.0347,17
59,499598,393105,629,170892,15524,206060,16094,170481,9217,177358,0,0,40906,1307,20386,17125,61146,19972,2708,503,1282,2557,256,1838,1278,6094,0.2192,0.007,0.1093,0.0918,0.3277,0.107,0.0145,0.0027,0.0069,0.0137,0.0014,0.0099,0.0068,0.0327,17
60,506958,386220,1472,177720,14992,192036,16436,177526,8366,185596,0,0,43522,1437,18932,17077,63645,22355,3490,553,1404,3326,296,1846,1372,6341,0.2244,0.0074,0.0976,0.088,0.3281,0.1153,0.018,0.0029,0.0072,0.0171,0.0015,0.0095,0.0071,0.0327,17
61,473468,371771,1132,169364,23065,178210,24193,169194,10164,183223,0,0,43745,1084,19575,13636,68148,22001,2041,509,1209,1952,263,1395,1038,6627,0.2262,0.0056,0.1012,0.0705,0.3524,0.1138,0.0106,0.0026,0.0063,0.0101,0.0014,0.0072,0.0054,0.0343,17
62,522182,450334,316,196587,13886,239545,14183,196052,7740,202495,0,0,60065,1885,15128,11971,79690,12333,2060,2331,1726,4315,255,1362,1501,7873,0.2857,0.009,0.072,0.0569,0.3791,0.0587,0.0098,0.0111,0.0082,0.0205,0.0012,0.0065,0.0071,0.0374,17
63,473566,424792,0,180733,26210,217849,26195,180291,8106,198380,0,0,59079,1500,14798,11127,77629,13423,1740,1926,1590,3243,257,1155,1386,9527,0.2861,0.0073,0.0717,0.0539,0.376,0.065,0.0084,0.0093,0.0077,0.0157,0.0012,0.0056,0.0067,0.0461,17
64,458985,432244,229,175503,26315,230196,26543,175282,7763,194062,1,0,55510,1560,17765,11463,74156,12556,1223,799,1474,4374,233,996,1134,10819,0.275,0.0077,0.088,0.0568,0.3674,0.0622,0.0061,0.004,0.0073,0.0217,0.0012,0.0049,0.0056,0.0536,17
65,484522,455043,0,257629,84430,112984,84429,257419,5799,336049,0,0,48895,1217,14626,6614,216202,35252,1090,685,1240,2666,409,1000,1339,4814,0.143,0.0036,0.0428,0.0193,0.6325,0.1031,0.0032,0.002,0.0036,0.0078,0.0012,0.0029,0.0039,0.0141,17
66,456139,448658,0,297742,68793,82123,68758,297155,4864,361049,0,0,42150,1283,15132,6480,247691,37255,1272,732,1129,2062,446,989,1139,3289,0.1152,0.0035,0.0414,0.0177,0.6769,0.1018,0.0035,0.002,0.0031,0.0056,0.0012,0.0027,0.0031,0.009,17
67,502797,452214,0,266924,46654,138636,46652,266469,5841,307280,0,0,45116,1583,15982,8083,191858,30259,1512,597,1668,3012,418,1267,1352,4573,0.1441,0.0051,0.051,0.0258,0.6127,0.0966,0.0048,0.0019,0.0053,0.0096,0.0013,0.004,0.0043,0.0146,17
68,446238,430145,0,172994,73142,184009,73140,172765,6699,239206,0,0,52789,1261,14879,12092,127486,14990,960,553,1791,3621,377,1091,1347,5969,0.2147,0.0051,0.0605,0.0492,0.5184,0.061,0.0039,0.0022,0.0073,0.0147,0.0015,0.0044,0.0055,0.0243,17
69,486263,457946,984,203121,17011,236830,17993,202417,6437,213973,0,0,58229,2497,35027,16527,56001,13742,2402,952,7574,3811,319,2081,1885,12926,0.2642,0.0113,0.1589,0.075,0.2541,0.0623,0.0109,0.0043,0.0344,0.0173,0.0014,0.0094,0.0086,0.0586,13
70,484093,480718,2356,195910,10545,271906,12872,195620,7277,201215,1,0,55462,2324,34388,16600,49111,13948,2336,1194,6411,3685,309,1947,1826,11674,0.266,0.0111,0.1649,0.0796,0.2356,0.0669,0.0112,0.0057,0.0307,0.0177,0.0015,0.0093,0.0088,0.056,13
71,612971,531786,2108,220877,32296,276505,34396,220262,8786,245872,0,0,67622,1853,36080,17927,87390,14120,1389,658,1828,5798,336,1444,1330,8097,0.2655,0.0073,0.1417,0.0704,0.3432,0.0554,0.0055,0.0026,0.0072,0.0228,0.0013,0.0057,0.0052,0.0318,17
72,427936,410800,916,164741,10300,234843,11214,164645,5121,170738,0,0,32223,1857,24216,17218,54620,17481,9946,649,1380,1521,228,1460,2067,5872,0.1832,0.0106,0.1377,0.0979,0.3106,0.0994,0.0566,0.0037,0.0078,0.0086,0.0013,0.0083,0.0118,0.0334,17
73,449939,407112,1395,174526,13138,218053,14533,174387,4265,184655,0,0,35983,1861,22927,18087,62877,23251,5550,658,1616,1805,211,1532,2248,6049,0.1905,0.0099,0.1214,0.0957,0.3328,0.1231,0.0294,0.0035,0.0086,0.0096,0.0011,0.0081,0.0119,0.032,17
74,725572,688433,0,263978,52393,372062,52280,263178,7850,307608,0,0,56279,1684,16833,17913,151742,38484,1918,911,2026,5362,666,1561,3811,8418,0.1784,0.0053,0.0534,0.0568,0.481,0.122,0.0061,0.0029,0.0064,0.017,0.0021,0.0049,0.0121,0.0267,17
75,613225,575290,0,286111,67148,222031,67147,285761,6045,346863,0,0,64332,3434,26543,22600,174429,26665,2374,965,2454,5134,463,2233,2664,12573,0.1823,0.0097,0.0752,0.064,0.4943,0.0756,0.0067,0.0027,0.007,0.0145,0.0013,0.0063,0.0075,0.0356,17
76,613073,579253,0,286261,84907,208085,84907,286205,5487,365625,0,0,70836,2241,25831,17320,199536,23116,1615,833,2200,5728,454,1674,2364,11877,0.1909,0.006,0.0696,0.0467,0.5377,0.0623,0.0044,0.0022,0.0059,0.0154,0.0012,0.0045,0.0064,0.032,17
77,484828,446761,0,270323,63657,112781,63652,269853,5170,328335,0,0,47120,1181,25755,9693,216247,13905,1221,966,1421,2706,724,993,1696,4707,0.1413,0.0035,0.0772,0.0291,0.6484,0.0417,0.0037,0.0029,0.0043,0.0081,0.0022,0.003,0.0051,0.0141,17
78,479289,429840,0,263171,64669,102000,64664,263144,3968,323840,0,0,43463,1064,31146,5688,209086,18937,1392,826,1195,1896,521,820,4124,3682,0.1326,0.0032,0.095,0.0174,0.6378,0.0578,0.0042,0.0025,0.0036,0.0058,0.0016,0.0025,0.0126,0.0112,17
79,553293,489187,248,189534,29085,270320,29331,189370,5120,213581,0,0,54111,1850,21220,15264,86831,16748,2054,911,2753,2236,217,1219,1748,6419,0.2474,0.0085,0.097,0.0698,0.397,0.0766,0.0094,0.0042,0.0126,0.0102,0.001,0.0056,0.008,0.0294,17
80,550162,496280,0,179268,20001,297011,20001,179086,4937,194150,0,0,54286,1889,18135,15285,70414,15736,2337,928,2986,2407,202,1248,1802,6495,0.2727,0.0095,0.0911,0.0768,0.3537,0.079,0.0117,0.0047,0.015,0.0121,0.001,0.0063,0.0091,0.0326,17
81,431539,406063,0,204231,84164,117667,84145,203800,3243,284702,1,0,39788,1269,31824,8356,170623,18232,1389,1035,1309,2202,309,935,2044,5387,0.1382,0.0044,0.1105,0.029,0.5926,0.0633,0.0048,0.0036,0.0045,0.0076,0.0011,0.0032,0.0071,0.0187,17
82,465365,438938,0,239489,71137,128306,71136,239479,4006,306609,7,1,45136,1326,37199,8731,178124,19650,1335,813,1210,1691,249,946,2604,7595,0.1453,0.0043,0.1198,0.0281,0.5735,0.0633,0.0043,0.0026,0.0039,0.0054,0.0008,0.003,0.0084,0.0245,17
83,452264,426001,0,237010,72990,115999,72990,236816,3047,306759,2,0,44552,1221,32181,8285,191512,14042,1562,1011,1356,2452,368,1002,1595,5620,0.1438,0.0039,0.1039,0.0267,0.6182,0.0453,0.005,0.0033,0.0044,0.0079,0.0012,0.0032,0.0051,0.0181,17
84,458238,434237,0,208580,56756,168902,56753,208444,3773,261424,1,2,43832,1095,29281,9916,145446,15777,1689,973,1174,2318,263,989,2567,6104,0.1653,0.0041,0.1104,0.0374,0.5484,0.0595,0.0064,0.0037,0.0044,0.0087,0.001,0.0037,0.0097,0.023,17
85,493744,454845,0,199461,26911,228473,26885,199299,4854,221330,0,0,45484,2209,31387,17607,75127,24052,3615,858,1511,4719,232,1611,1405,11513,0.2011,0.0098,0.1388,0.0778,0.3321,0.1063,0.016,0.0038,0.0067,0.0209,0.001,0.0071,0.0062,0.0509,17
86,432178,381591,225,178280,16698,186388,16921,178065,3895,191091,0,0,45873,1727,21084,14195,69375,19484,1956,620,1163,3718,229,1685,1350,8632,0.2353,0.0089,0.1081,0.0728,0.3558,0.0999,0.01,0.0032,0.006,0.0191,0.0012,0.0086,0.0069,0.0443,17
87,517354,469838,0,204058,46896,218884,46891,203915,3540,247266,0,0,52740,2002,16523,15310,128706,13298,2161,594,1509,2366,228,1401,6299,4129,0.2103,0.008,0.0659,0.061,0.5132,0.053,0.0086,0.0024,0.006,0.0094,0.0009,0.0056,0.0251,0.0165,17
88,440519,422788,0,170819,42535,209434,42532,170768,2945,210355,0,0,44957,1550,12595,11278,113784,12191,1845,469,1328,1994,173,1112,3164,3915,0.2108,0.0073,0.059,0.0529,0.5334,0.0572,0.0086,0.0022,0.0062,0.0093,0.0008,0.0052,0.0148,0.0184,17
89,470134,419253,0,161072,69142,189039,69111,160910,4718,225303,0,0,48295,1349,14471,14344,116364,14744,1528,526,1271,2630,224,1063,4375,4119,0.2099,0.0059,0.0629,0.0624,0.5059,0.0641,0.0066,0.0023,0.0055,0.0114,0.001,0.0046,0.019,0.0179,17
90,421160,438069,560,198017,102868,136624,103427,197999,3642,297784,0,0,48254,1250,16687,9551,197588,11658,840,449,1197,2982,225,694,2218,4191,0.1601,0.0041,0.0554,0.0317,0.6555,0.0387,0.0028,0.0015,0.004,0.0099,0.0007,0.0023,0.0074,0.0139,17
91,393341,348720,86,132075,30134,186425,30220,131953,4049,158124,0,0,40583,1354,15571,8410,65670,12545,2112,483,1153,2139,170,969,1364,5601,0.2502,0.0083,0.096,0.0519,0.4049,0.0774,0.013,0.003,0.0071,0.0132,0.001,0.006,0.0084,0.0345,17
92,400836,345585,12,123780,17746,204048,17758,123710,3584,137884,0,1,44510,1288,12896,9492,44371,10627,3373,494,1092,2195,147,854,1695,4850,0.3146,0.0091,0.0912,0.0671,0.3136,0.0751,0.0238,0.0035,0.0077,0.0155,0.001,0.006,0.012,0.0343,13
93,484752,468539,37,179265,11676,277558,11713,179198,4962,185949,3,0,56205,1964,14750,19622,66719,11745,1836,625,1389,3247,645,1068,1156,4978,0.2944,0.0103,0.0773,0.1028,0.3495,0.0615,0.0096,0.0033,0.0073,0.017,0.0034,0.0056,0.0061,0.0261,17
94,471191,467410,0,162908,8789,295713,8788,162794,4406,167176,0,0,46679,1761,12953,17942,62911,13253,1229,394,1206,1914,423,898,1146,4467,0.2721,0.0103,0.0755,0.1046,0.3667,0.0772,0.0072,0.0023,0.007,0.0112,0.0025,0.0052,0.0067,0.026,17
95,478880,455221,5,164174,13014,278028,12997,164118,5438,171677,0,0,48045,1863,17152,15543,63340,11482,1552,697,1234,2743,491,1112,1470,4953,0.2713,0.0105,0.0968,0.0878,0.3576,0.0648,0.0088,0.0039,0.007,0.0155,0.0028,0.0063,0.0083,0.028,17
96,427141,431766,1152,138381,9266,282967,10418,138341,4903,143856,0,0,40540,1587,14189,14401,51584,9468,1277,543,1399,1749,242,1123,1263,4491,0.2725,0.0107,0.0954,0.0968,0.3468,0.0636,0.0086,0.0037,0.0094,0.0118,0.0016,0.0075,0.0085,0.0302,17
97,423083,394073,301,170531,24255,198942,24538,170199,5964,188773,48,4,39781,1691,18389,12380,77934,18263,4274,771,1827,2187,249,1777,2114,7136,0.2043,0.0087,0.0944,0.0636,0.4002,0.0938,0.0219,0.004,0.0094,0.0112,0.0013,0.0091,0.0109,0.0366,17
98,443808,389379,0,181441,23552,184423,23484,181072,6544,198012,19,56,40763,1737,19905,12276,86269,17497,3763,665,1726,2230,254,1678,2027,7222,0.1993,0.0085,0.0973,0.06,0.4217,0.0855,0.0184,0.0033,0.0084,0.0109,0.0012,0.0082,0.0099,0.0353,17
99,388166,356771,0,146243,18415,192113,18414,146079,4183,160310,0,0,37531,1679,15680,13192,58935,17707,1702,718,1413,2305,203,1293,1232,6720,0.2282,0.0102,0.0953,0.0802,0.3583,0.1076,0.0103,0.0044,0.0086,0.014,0.0012,0.0079,0.0075,0.0409,17
100,413552,378038,406,160549,28618,188464,29023,160406,4712,184717,1,0,40408,2045,17714,15304,69653,20536,2538,720,1822,2527,235,1308,1541,8366,0.2133,0.0108,0.0935,0.0808,0.3677,0.1084,0.0134,0.0038,0.0096,0.0133,0.0012,0.0069,0.0081,0.0442,17
101,488170,462726,92,257424,112625,92585,112696,255155,10463,357388,0,0,31835,4111,21249,6191,261954,23475,1687,700,896,1667,320,718,744,1841,0.0865,0.0112,0.0578,0.0168,0.7121,0.0638,0.0046,0.0019,0.0024,0.0045,0.0009,0.002,0.002,0.005,17
102,477428,448201,78,244110,127347,76666,127422,243413,7846,362989,0,0,35526,3459,22117,6547,266987,20832,1475,541,705,1238,157,566,665,2174,0.0958,0.0093,0.0596,0.0177,0.7199,0.0562,0.004,0.0015,0.0019,0.0033,0.0004,0.0015,0.0018,0.0059,17
103,475915,459501,0,261247,111201,87053,111115,259727,11764,359078,0,0,32601,3301,18807,4176,274855,18997,1327,415,623,1256,237,469,484,1530,0.0879,0.0089,0.0507,0.0113,0.7412,0.0512,0.0036,0.0011,0.0017,0.0034,0.0006,0.0013,0.0013,0.0041,17
104,497265,453245,0,252306,58692,142247,58687,250316,7334,301669,0,0,32607,2965,26299,9363,199782,17370,2367,828,1192,2097,486,1190,1656,3467,0.1055,0.0096,0.0851,0.0303,0.6465,0.0562,0.0077,0.0027,0.0039,0.0068,0.0016,0.0039,0.0054,0.0112,17
105,497834,438214,4,197312,25496,215402,25497,197056,6024,216529,0,0,38965,1837,31016,17943,67145,39405,1936,655,1414,4104,214,1434,2058,8403,0.1751,0.0083,0.1394,0.0806,0.3017,0.1771,0.0087,0.0029,0.0064,0.0184,0.001,0.0064,0.0092,0.0378,17
106,530941,481745,0,210815,29765,241167,29761,210579,6479,233861,0,2,45610,1936,28219,19936,69579,45950,1774,746,1687,5537,260,1427,1748,9452,0.1898,0.0081,0.1174,0.0829,0.2895,0.1912,0.0074,0.0031,0.007,0.023,0.0011,0.0059,0.0073,0.0393,17
107,513971,420250,0,185519,17727,217004,17725,185453,3876,199302,0,0,57838,1479,20183,17269,61474,23210,1918,788,1486,2394,365,1172,1843,7883,0.2847,0.0073,0.0993,0.085,0.3026,0.1142,0.0094,0.0039,0.0073,0.0118,0.0018,0.0058,0.0091,0.0388,17
108,666751,657971,0,262628,59306,336037,59301,262416,7768,313949,0,0,75451,2155,37894,21255,116049,33813,2091,714,2364,4940,335,1647,1838,13403,0.2345,0.0067,0.1178,0.0661,0.3607,0.1051,0.0065,0.0022,0.0073,0.0154,0.001,0.0051,0.0057,0.0417,17
109,461281,404171,161,177237,31333,195440,31486,176895,4556,203825,0,0,42809,1770,21569,16512,86099,16492,1559,671,1653,2911,584,1642,1327,8227,0.2054,0.0085,0.1035,0.0792,0.4132,0.0791,0.0075,0.0032,0.0079,0.014,0.0028,0.0079,0.0064,0.0395,17
110,442363,387044,0,156541,59516,170987,59515,156157,4909,210763,0,0,41559,1221,23698,12414,98266,17583,1160,622,1446,3254,249,1114,1075,7102,0.1927,0.0057,0.1099,0.0576,0.4556,0.0815,0.0054,0.0029,0.0067,0.0151,0.0012,0.0052,0.005,0.0329,17
111,584501,536717,1303,226703,19681,289030,20964,224841,7194,238611,0,0,45853,2651,19240,16906,106518,21836,6203,1893,2211,3163,540,2197,2748,6652,0.1865,0.0108,0.0783,0.0688,0.4333,0.0888,0.0252,0.0077,0.009,0.0129,0.0022,0.0089,0.0112,0.0271,17
112,410892,357161,0,159560,27879,169722,27873,159241,5559,181555,0,0,35213,1631,15889,12572,82053,16199,2794,1163,1435,3171,354,1488,1800,5793,0.1882,0.0087,0.0849,0.0672,0.4385,0.0866,0.0149,0.0062,0.0077,0.0169,0.0019,0.008,0.0096,0.031,17
113,406740,345590,0,156385,29200,160005,29134,155967,6008,179093,0,0,32721,1529,16399,11278,77672,22253,2211,1153,1395,2903,306,1222,1729,6322,0.1768,0.0083,0.0886,0.0609,0.4196,0.1202,0.0119,0.0062,0.0075,0.0157,0.0017,0.0066,0.0093,0.0342,17
114,467286,428346,0,202392,39907,186043,39907,202330,6115,236122,4,0,54158,2287,19603,12338,109342,15660,1533,724,1695,5478,307,1510,2239,9248,0.2236,0.0094,0.0809,0.0509,0.4514,0.0646,0.0063,0.003,0.007,0.0226,0.0013,0.0062,0.0092,0.0382,17
115,446722,416935,0,190754,48848,177330,48846,190671,4179,235338,3,0,47755,1735,17767,10835,125045,13048,1173,655,1324,4615,283,1082,2101,7920,0.1994,0.0072,0.0742,0.0452,0.5221,0.0545,0.0049,0.0027,0.0055,0.0193,0.0012,0.0045,0.0088,0.0331,17
116,103519,107807,6695,34082,4665,62365,11355,34066,1020,44401,0,0,9389,383,4065,2374,22746,2228,277,111,361,539,68,412,288,1160,0.2067,0.0084,0.0895,0.0523,0.5008,0.0491,0.0061,0.0024,0.0079,0.0119,0.0015,0.0091,0.0063,0.0255,17
117,629051,502618,0,285568,24900,192139,24863,283636,8182,300317,11,0,59374,3829,21532,15161,145421,24396,5424,2381,3867,3824,696,3224,3107,8081,0.1925,0.0124,0.0698,0.0491,0.4714,0.0791,0.0176,0.0077,0.0125,0.0124,0.0023,0.0105,0.0101,0.0262,17
118,565255,430082,0,215924,24643,189517,24628,215503,7341,232790,22,24,48757,2990,18847,12049,100484,24087,5531,1550,2823,3234,664,2282,2486,7006,0.203,0.0125,0.0785,0.0502,0.4185,0.1003,0.023,0.0065,0.0118,0.0135,0.0028,0.0095,0.0104,0.0292,17
119,446241,395010,0,178947,42168,173883,42087,178202,7007,213282,12,0,46437,2241,16669,11209,100918,15434,2042,920,1656,3856,331,1652,1881,8036,0.2108,0.0102,0.0757,0.0509,0.4581,0.0701,0.0093,0.0042,0.0075,0.0175,0.0015,0.0075,0.0085,0.0365,17
120,598268,477180,0,248102,46806,182266,46667,246081,7181,285567,7,1,50574,3503,21560,13552,151402,19398,4515,1426,2830,4076,499,2399,2611,7222,0.1728,0.012,0.0736,0.0463,0.5172,0.0663,0.0154,0.0049,0.0097,0.0139,0.0017,0.0082,0.0089,0.0247,17
121,597519,478918,0,253103,32750,193028,32629,251726,6388,277967,45,8,58095,3054,24387,13581,130773,22227,4402,1543,2733,4196,630,2500,2934,6912,0.2043,0.0107,0.0858,0.0478,0.4599,0.0782,0.0155,0.0054,0.0096,0.0148,0.0022,0.0088,0.0103,0.0243,17
122,594238,518130,0,233988,25701,258402,25661,232501,9736,248426,39,0,57068,3589,20243,15510,106618,17852,5190,1548,2738,4447,421,2525,2802,7875,0.2211,0.0139,0.0784,0.0601,0.413,0.0692,0.0201,0.006,0.0106,0.0172,0.0016,0.0098,0.0109,0.0305,17
123,440284,395758,0,185396,43259,167098,43219,185095,6783,221531,6,1,43280,2583,16074,10033,120176,11855,2545,880,1707,2460,370,1614,1744,6210,0.1896,0.0113,0.0704,0.0439,0.5264,0.0519,0.0111,0.0039,0.0075,0.0108,0.0016,0.0071,0.0076,0.0272,17
124,593110,518900,0,206471,18559,293810,18549,205868,7025,217392,60,0,54750,3087,15597,12557,95128,13279,4003,1299,2586,3240,389,2237,2515,6725,0.244,0.0138,0.0695,0.056,0.4239,0.0592,0.0178,0.0058,0.0115,0.0144,0.0017,0.0099,0.0112,0.0299,17
125,528409,425964,0,206297,23072,196611,22872,205018,5814,222076,8,24,43953,2745,15326,12404,103875,20271,4824,1327,2321,3357,497,1954,3055,6167,0.1929,0.012,0.0673,0.0544,0.4558,0.089,0.0212,0.0058,0.0102,0.0147,0.0022,0.0086,0.0134,0.0271,17
126,454913,382947,0,186228,27255,169442,27093,184448,6859,204682,22,0,48321,2449,15643,11982,92255,12865,3033,1477,1901,4125,295,1646,2167,6523,0.2284,0.0116,0.0739,0.0566,0.4361,0.0608,0.0143,0.007,0.009,0.0195,0.0014,0.0078,0.0102,0.0308,17
127,509327,409122,0,203825,18435,186863,18339,202919,7704,213554,7,8,50541,2990,17209,12193,94406,13563,3298,1141,2035,4132,445,1855,2093,7653,0.2284,0.0135,0.0778,0.0551,0.4267,0.0613,0.0149,0.0052,0.0092,0.0187,0.002,0.0084,0.0095,0.0346,17
128,587394,519532,4334,248866,4291,262041,8619,248219,6011,250827,0,0,45755,3819,28406,21973,91966,28795,2788,1133,2567,3827,457,3140,1873,14328,0.1781,0.0149,0.1106,0.0856,0.3581,0.1121,0.0109,0.0044,0.0099,0.0149,0.0018,0.0122,0.0073,0.0558,17
129,499116,485454,8862,193702,50357,232533,59208,193188,3976,248420,0,0,48814,2159,17325,12823,121190,25424,3519,1765,1493,2745,352,1781,1458,7572,0.1934,0.0086,0.0686,0.0508,0.4802,0.1007,0.0139,0.007,0.0059,0.0109,0.0014,0.0071,0.0058,0.03,17
130,512480,490945,0,226285,57682,206978,57660,225463,3923,279200,0,0,45291,2051,17240,13320,161399,19753,2358,1343,1575,3350,315,1628,1606,7971,0.1599,0.0072,0.0609,0.047,0.5701,0.0698,0.0083,0.0047,0.0056,0.0118,0.0011,0.0058,0.0057,0.0282,17
131,537723,517725,0,203106,51892,262727,51852,202647,4965,249534,0,0,54137,1800,17977,13306,124853,20314,1723,1103,1352,2891,230,1370,1274,7204,0.2127,0.0071,0.0706,0.0523,0.4906,0.0798,0.0068,0.0043,0.0053,0.0114,0.0009,0.0054,0.005,0.0283,17
132,523847,472046,1986,173795,23774,272491,25681,172608,4540,193749,0,0,44474,1749,15606,12640,81774,20887,2379,958,1332,2486,221,1436,1220,6587,0.2243,0.0088,0.0787,0.0637,0.4124,0.1053,0.012,0.0048,0.0067,0.0125,0.0011,0.0072,0.0062,0.0332,17
133,498146,467980,0,181635,73392,212953,73380,181223,3921,250682,0,0,45986,1628,20586,12285,131599,19834,1636,1252,1603,2725,243,1162,1346,8797,0.1806,0.0064,0.0809,0.0483,0.5169,0.0779,0.0064,0.0049,0.0063,0.0107,0.001,0.0046,0.0053,0.0346,17
134,482948,462071,0,178568,20050,263449,20048,178354,5356,193046,4,0,42312,1688,18342,15141,64509,28513,5843,716,1410,4356,242,1622,1355,6997,0.2133,0.0085,0.0924,0.0763,0.3251,0.1437,0.0295,0.0036,0.0071,0.022,0.0012,0.0082,0.0068,0.0353,17
135,539161,495944,0,188463,16554,290924,16541,188339,5256,199624,3,0,53175,6315,19558,17138,70011,13506,2569,876,1690,2717,358,1688,3172,6851,0.2595,0.0308,0.0955,0.0836,0.3417,0.0659,0.0125,0.0043,0.0082,0.0133,0.0017,0.0082,0.0155,0.0334,17
136,556190,485521,0,185638,20971,278911,20967,185547,5156,201358,1,0,50881,2982,22403,18034,76170,12219,2727,1044,1745,2310,286,1546,2066,6945,0.2464,0.0144,0.1085,0.0873,0.3688,0.0592,0.0132,0.0051,0.0084,0.0112,0.0014,0.0075,0.01,0.0336,17
137,519967,471056,0,193636,23898,253522,23896,193540,6046,211390,0,0,55762,2258,18725,19705,75871,18815,2562,735,1366,3071,418,1179,3096,7827,0.2565,0.0104,0.0861,0.0906,0.3489,0.0865,0.0118,0.0034,0.0063,0.0141,0.0019,0.0054,0.0142,0.036,17
138,546600,513608,0,168665,17978,326964,17977,168504,4300,182181,1,0,51034,2307,17653,16142,65329,12059,1802,1116,1410,3041,305,1149,1710,7124,0.2737,0.0124,0.0947,0.0866,0.3503,0.0647,0.0097,0.006,0.0076,0.0163,0.0016,0.0062,0.0092,0.0382,17
139,499580,465511,0,185379,14720,265413,14694,185050,7140,192604,0,1,65847,1484,13334,16428,60794,17656,1936,560,1381,4132,226,1215,1130,6481,0.3297,0.0074,0.0668,0.0822,0.3044,0.0884,0.0097,0.0028,0.0069,0.0207,0.0011,0.0061,0.0057,0.0324,13
140,520252,513472,0,187275,15488,310709,15488,186960,7718,194730,0,0,65995,1365,14447,15811,62747,17039,1782,585,1294,4756,252,1210,1156,6291,0.326,0.0067,0.0714,0.0781,0.3099,0.0842,0.0088,0.0029,0.0064,0.0235,0.0012,0.006,0.0057,0.0311,13
141,470233,447397,0,183365,30387,233645,30387,183174,7530,206031,0,0,60235,1261,16705,14700,79056,16151,1404,559,1362,5329,288,1012,969,7000,0.2821,0.0059,0.0782,0.0688,0.3702,0.0756,0.0066,0.0026,0.0064,0.025,0.0013,0.0047,0.0045,0.0328,17
142,519656,406209,0,194070,44577,167565,44569,193775,6848,231496,3,6,61839,1556,23831,15362,91877,16590,1628,511,1541,4713,359,1445,1239,9005,0.2595,0.0065,0.0999,0.0645,0.3855,0.0696,0.0068,0.0021,0.0065,0.0198,0.0015,0.0061,0.0052,0.0378,17
143,520668,419042,0,191594,57478,169958,57426,190121,7937,239610,12,0,62120,1326,22225,13702,102646,17894,1238,417,1524,5317,219,1117,1194,8671,0.2509,0.0054,0.0898,0.0554,0.4147,0.0723,0.005,0.0017,0.0062,0.0215,0.0009,0.0045,0.0048,0.035,17
144,489923,402241,0,169388,44910,187938,44904,167814,8863,203855,6,1,58804,1127,19924,13081,73476,18501,1336,345,1305,4891,289,1048,1097,8631,0.2764,0.0053,0.0937,0.0615,0.3454,0.087,0.0063,0.0016,0.0061,0.023,0.0014,0.0049,0.0052,0.0406,17
145,610410,601739,0,250607,54566,296485,54547,250311,11643,293215,84,3,66653,3153,26821,18256,118370,30985,2360,1041,2239,5924,482,2066,1854,13011,0.2186,0.0103,0.088,0.0599,0.3883,0.1016,0.0077,0.0034,0.0073,0.0194,0.0016,0.0068,0.0061,0.0427,17
146,510867,468929,0,209114,99183,160632,99176,209006,3413,304769,0,0,48259,1775,20538,13281,187739,16241,1950,610,1908,3555,270,1299,1234,6110,0.1566,0.0058,0.0666,0.0431,0.6092,0.0527,0.0063,0.002,0.0062,0.0115,0.0009,0.0042,0.004,0.0198,17
147,525689,466968,0,209372,78575,179021,78572,209251,4566,283257,1,1,54476,1864,24192,15840,147353,20068,2022,675,2076,4169,244,1533,1480,7265,0.1893,0.0065,0.0841,0.055,0.512,0.0697,0.007,0.0023,0.0072,0.0145,0.0008,0.0053,0.0051,0.0252,17
148,518056,444492,0,192050,40104,212338,40101,191491,5263,226329,0,0,49846,1446,20010,14433,92789,20952,11015,1038,1646,2499,273,1469,2299,6614,0.2152,0.0062,0.0864,0.0623,0.4007,0.0905,0.0476,0.0045,0.0071,0.0108,0.0012,0.0063,0.0099,0.0286,17
149,448226,429435,0,182867,40798,205770,40798,182579,4715,218662,0,0,45845,1570,15055,11308,116684,11528,2223,860,1673,3730,292,1193,1971,4730,0.2052,0.007,0.0674,0.0506,0.5224,0.0516,0.0099,0.0038,0.0075,0.0167,0.0013,0.0053,0.0088,0.0212,17
150,530576,479162,0,216161,19282,243718,19279,215764,3312,231731,1,0,45956,2251,15942,13007,114219,21570,3291,1712,1744,3147,375,1669,2142,4706,0.1955,0.0096,0.0678,0.0553,0.4859,0.0918,0.014,0.0073,0.0074,0.0134,0.0016,0.0071,0.0091,0.02,17
151,539432,462504,0,227278,22149,213077,22146,226904,3667,245383,0,0,55561,1889,17670,13471,123243,15043,2826,947,1770,2991,310,1727,2484,5451,0.2231,0.0076,0.0709,0.0541,0.4949,0.0604,0.0113,0.0038,0.0071,0.012,0.0012,0.0069,0.0099,0.0219,17
152,508356,433251,0,203941,14729,214578,14717,203282,4583,213416,3,0,49778,2478,14688,16384,97955,15632,2368,1257,1795,2648,262,1667,2110,4394,0.2283,0.0114,0.0674,0.0752,0.4493,0.0717,0.0109,0.0058,0.0082,0.0121,0.0012,0.0076,0.0097,0.0202,17
153,459083,433519,0,204158,61075,168282,61074,203907,3562,261419,4,0,50199,1420,20003,9546,149093,15270,1093,644,1510,3238,309,1116,1610,6368,0.1894,0.0054,0.0755,0.036,0.5627,0.0576,0.0041,0.0024,0.0057,0.0122,0.0012,0.0042,0.0061,0.024,17
154,464371,390547,59,184371,40740,165375,40798,183919,2660,222057,2,0,40716,1306,15996,11142,122879,13703,1927,576,1669,3557,341,1189,1798,5258,0.1812,0.0058,0.0712,0.0496,0.5468,0.061,0.0086,0.0026,0.0074,0.0158,0.0015,0.0053,0.008,0.0234,17
155,450779,434477,0,193962,48104,192410,48103,193626,3477,238252,1,0,46469,1387,16181,10867,130678,13674,1288,560,1669,3641,227,988,4847,5776,0.1922,0.0057,0.0669,0.045,0.5406,0.0566,0.0053,0.0023,0.0069,0.0151,0.0009,0.0041,0.0201,0.0239,17
156,447962,402014,103,169707,43065,189139,43167,169622,3206,209583,0,0,45149,1423,18205,12789,98731,18326,2004,512,1377,2929,193,1073,1185,5687,0.2122,0.0067,0.0856,0.0601,0.464,0.0861,0.0094,0.0024,0.0065,0.0138,0.0009,0.005,0.0056,0.0267,17
157,446521,385617,0,166162,50587,168868,50585,165311,3551,212345,0,0,40563,1658,20918,12441,106147,16905,1578,484,1241,2258,193,1227,1147,5585,0.1879,0.0077,0.0969,0.0576,0.4917,0.0783,0.0073,0.0022,0.0057,0.0105,0.0009,0.0057,0.0053,0.0259,17
158,507165,411170,439,207214,26876,176638,27296,206487,6481,227302,3,0,55854,3804,17913,13810,101849,12902,3616,898,2258,4399,309,1718,1494,6478,0.2389,0.0163,0.0766,0.0591,0.4357,0.0552,0.0155,0.0038,0.0097,0.0188,0.0013,0.0073,0.0064,0.0277,17
159,512226,485902,0,192340,10822,282737,10816,191999,6227,196588,3,0,57484,3655,12996,15279,66209,19940,2064,1291,1947,5302,320,1377,2212,6512,0.2834,0.018,0.0641,0.0753,0.3265,0.0983,0.0102,0.0064,0.0096,0.0261,0.0016,0.0068,0.0109,0.0321,17
160,475298,393630,3692,202845,53986,133107,57674,202470,5654,254490,1,1,44984,2990,18603,10291,148916,11184,1736,747,1757,5075,385,1163,1248,5411,0.1729,0.0115,0.0715,0.0396,0.5724,0.043,0.0067,0.0029,0.0068,0.0195,0.0015,0.0045,0.0048,0.0208,17
161,434091,398976,0,197443,32006,169529,31980,197201,6432,222749,0,2,49040,2581,18521,12016,106448,14463,1485,818,1874,5517,300,1143,1157,7386,0.214,0.0113,0.0808,0.0524,0.4645,0.0631,0.0065,0.0036,0.0082,0.0241,0.0013,0.005,0.005,0.0322,17
162,491665,428631,0,179882,24480,224267,24451,179121,6689,196883,2,0,55655,3338,16117,12081,76979,12904,2109,658,1987,5586,310,1366,1447,6346,0.2734,0.0164,0.0792,0.0593,0.3781,0.0634,0.0104,0.0032,0.0098,0.0274,0.0015,0.0067,0.0071,0.0312,17
163,479051,398191,0,211104,34616,152471,34608,210793,2339,243062,0,0,47888,1462,11930,6581,153953,9730,2010,522,1177,1967,206,969,1034,3633,0.1951,0.006,0.0486,0.0268,0.6274,0.0396,0.0082,0.0021,0.0048,0.008,0.0008,0.0039,0.0042,0.0148,17
164,471457,435967,0,236500,54737,144723,54711,236252,6351,284612,7,0,55716,1489,14607,9506,175214,12626,2338,551,1426,3283,282,1111,1487,4976,0.1915,0.0051,0.0502,0.0327,0.6022,0.0434,0.008,0.0019,0.0049,0.0113,0.001,0.0038,0.0051,0.0171,17
165,447833,410272,0,180923,52093,177254,52091,180843,4434,228500,2,0,57694,1147,13479,6126,128541,9203,1181,372,1053,2953,181,845,1023,4702,0.2477,0.0049,0.0579,0.0263,0.5518,0.0395,0.0051,0.0016,0.0045,0.0127,0.0008,0.0036,0.0044,0.0202,17
166,467199,408355,0,230579,38697,139098,38696,230246,4094,264848,1,20,54052,1275,13433,7370,163536,10970,2253,675,1382,2628,345,901,1212,4816,0.201,0.0047,0.0499,0.0274,0.6081,0.0408,0.0084,0.0025,0.0051,0.0098,0.0013,0.0034,0.0045,0.0179,17
167,386296,356885,4658,132246,17387,202594,22020,131939,4287,149672,0,0,44077,1584,13694,13970,55002,8003,1522,466,1357,2860,265,1252,1442,4178,0.2863,0.0103,0.0889,0.0907,0.3573,0.052,0.0099,0.003,0.0088,0.0186,0.0017,0.0081,0.0094,0.0271,17
168,547113,486440,0,235873,6359,244206,6359,235678,7392,234645,2,0,46132,2837,15683,25279,81037,31621,13040,1375,2325,3910,419,2422,2045,6520,0.1906,0.0117,0.0648,0.1044,0.3348,0.1306,0.0539,0.0057,0.0096,0.0162,0.0017,0.01,0.0084,0.0269,17
169,471939,424855,1229,208990,12236,202401,13459,208763,7976,214246,0,1,48374,1734,17664,19108,77648,28137,3921,1014,1654,4097,335,1767,1611,7182,0.2177,0.0078,0.0795,0.086,0.3494,0.1266,0.0176,0.0046,0.0074,0.0184,0.0015,0.008,0.0072,0.0323,17
170,513205,484210,51,220280,11458,252418,11483,220156,7773,223866,3,0,46966,2106,17393,21253,75152,35205,6078,1355,2132,4701,358,2010,1989,7168,0.2028,0.0091,0.0751,0.0918,0.3244,0.152,0.0262,0.0058,0.0092,0.0203,0.0015,0.0087,0.0086,0.0309,17
171,430778,381761,0,199948,15289,166524,15253,199740,8311,206682,0,0,46926,1598,20520,15323,73157,29573,2501,833,1466,4801,222,1633,1362,6767,0.2183,0.0074,0.0954,0.0713,0.3403,0.1376,0.0116,0.0039,0.0068,0.0223,0.001,0.0076,0.0063,0.0315,17
172,486815,429078,366,217879,27468,183365,27803,217737,8894,236646,0,0,52332,1676,24747,17948,91801,25777,4074,941,1624,4926,314,1564,1520,7402,0.2131,0.0068,0.1008,0.0731,0.3739,0.105,0.0166,0.0038,0.0066,0.0201,0.0013,0.0064,0.0062,0.0301,17
173,447445,414383,224,201197,25394,187568,25616,201062,7788,218890,0,0,53531,1497,19496,17546,77542,28919,2656,784,1467,5117,288,1415,1387,7245,0.2362,0.0066,0.086,0.0774,0.3421,0.1276,0.0117,0.0035,0.0065,0.0226,0.0013,0.0062,0.0061,0.032,17
174,428402,372587,1039,203674,22954,144919,23991,203486,8276,219201,1,0,48936,1342,22797,16017,82675,27800,2109,934,1423,5026,281,1340,1214,7307,0.2151,0.0059,0.1002,0.0704,0.3634,0.1222,0.0093,0.0041,0.0063,0.0221,0.0012,0.0059,0.0053,0.0321,17
175,398506,362250,0,149052,24412,188786,24409,149018,4122,169305,0,0,37026,1143,17107,9392,76995,12960,1143,513,1406,3195,189,1008,1503,5725,0.2135,0.0066,0.0986,0.0542,0.444,0.0747,0.0066,0.003,0.0081,0.0184,0.0011,0.0058,0.0087,0.033,17
176,367976,317620,108,132317,15067,170128,15173,132257,3868,143562,0,0,36177,1297,18979,9767,51159,11357,1610,847,1446,2544,234,1200,1643,5302,0.2454,0.0088,0.1287,0.0662,0.347,0.077,0.0109,0.0057,0.0098,0.0173,0.0016,0.0081,0.0111,0.036,17
177,412316,396075,0,174677,70240,151158,70222,174459,3281,241400,0,0,34585,949,11370,5893,142907,10685,1319,634,1126,1617,267,873,26109,3066,0.1413,0.0039,0.0465,0.0241,0.5841,0.0437,0.0054,0.0026,0.0046,0.0066,0.0011,0.0036,0.1067,0.0125,17
178,405370,364947,0,165948,70548,128451,70538,165786,4007,232317,0,0,37548,984,12057,5882,130864,12025,1089,579,1120,1879,227,861,23743,3459,0.1589,0.0042,0.051,0.0249,0.5537,0.0509,0.0046,0.0025,0.0047,0.008,0.001,0.0036,0.1005,0.0146,17
179,514467,457338,0,188452,19084,249798,19077,188267,5545,201799,4,0,47854,1753,20710,14695,68454,22470,2666,888,1955,3838,211,1587,7278,7440,0.2308,0.0085,0.0999,0.0709,0.3301,0.1084,0.0129,0.0043,0.0094,0.0185,0.001,0.0077,0.0351,0.0359,17
180,518149,456905,0,199621,31248,226033,31246,199360,5641,224965,3,0,53066,1731,22568,14261,86567,21181,2508,756,1955,4320,308,1558,5056,9130,0.2301,0.0075,0.0979,0.0618,0.3754,0.0918,0.0109,0.0033,0.0085,0.0187,0.0013,0.0068,0.0219,0.0396,17
181,385200,330163,0,150425,9653,170085,9649,150235,4647,155237,0,0,36136,1323,20733,14906,50796,12957,3782,2566,988,3967,169,1052,1093,4769,0.226,0.0083,0.1297,0.0932,0.3177,0.081,0.0237,0.016,0.0062,0.0248,0.0011,0.0066,0.0068,0.0298,17
182,382412,303418,1390,144988,11844,145196,13232,144894,4152,153974,0,0,35202,1221,17629,14845,53185,14143,4157,2033,1145,3119,170,1009,1110,5006,0.2226,0.0077,0.1115,0.0939,0.3363,0.0894,0.0263,0.0129,0.0072,0.0197,0.0011,0.0064,0.007,0.0317,17
183,571265,494545,0,249890,65955,178700,65943,248663,5426,309180,0,0,51319,2640,21377,17667,169259,21566,3387,879,2143,3531,393,2294,2484,10241,0.1631,0.0084,0.0679,0.0562,0.538,0.0685,0.0108,0.0028,0.0068,0.0112,0.0012,0.0073,0.0079,0.0326,17
184,584533,520736,0,247761,50893,222082,50878,247197,5877,292198,0,0,51929,2527,19142,15671,154698,24310,2995,1037,1887,3850,366,2156,2911,8719,0.1742,0.0085,0.0642,0.0526,0.519,0.0816,0.01,0.0035,0.0063,0.0129,0.0012,0.0072,0.0098,0.0293,17
185,543594,496008,1574,291377,44771,158286,46187,290902,6640,330449,0,0,44451,2386,35457,14643,178005,33097,2049,2626,1792,4223,508,1777,1627,7808,0.1319,0.0071,0.1052,0.0434,0.5281,0.0982,0.0061,0.0078,0.0053,0.0125,0.0015,0.0053,0.0048,0.0232,17
186,593082,546538,908,320710,40162,184758,41065,320458,6452,355071,2,2,49845,2445,46108,16653,180626,38440,1932,2156,1784,4204,444,1757,1529,7148,0.1379,0.0068,0.1275,0.0461,0.4996,0.1063,0.0053,0.006,0.0049,0.0116,0.0012,0.0049,0.0042,0.0198,17
187,464926,418870,0,175827,22349,220695,22348,175579,4832,193095,0,1,69134,1997,15077,12849,69268,10092,1322,755,1274,3403,357,1222,1249,5096,0.3493,0.0101,0.0762,0.0649,0.3499,0.051,0.0067,0.0038,0.0064,0.0172,0.0018,0.0062,0.0063,0.0257,17
188,505186,478820,0,198216,48679,231925,48675,197883,5579,240979,0,0,78175,1616,17799,10993,104205,12140,1080,683,1306,4212,325,1050,1253,6142,0.3171,0.0066,0.0722,0.0446,0.4226,0.0492,0.0044,0.0028,0.0053,0.0171,0.0013,0.0043,0.0051,0.0249,17
189,600397,528172,0,230317,42623,255231,42606,230146,5887,266865,1,0,49801,2723,18348,22295,101675,46104,4105,1080,2483,2671,342,2840,2381,10017,0.1826,0.0099,0.0673,0.0817,0.3728,0.169,0.0151,0.004,0.0091,0.0098,0.0013,0.0104,0.0087,0.0367,17
190,476411,444828,0,192455,31573,220799,31562,192338,5885,218015,1,0,41648,1921,17355,17250,80746,39309,2353,666,1735,2299,262,1968,1748,8755,0.186,0.0086,0.0775,0.077,0.3606,0.1756,0.0105,0.003,0.0077,0.0103,0.0012,0.0088,0.0078,0.0391,17
191,515799,443132,0,199203,24475,219453,24474,199077,6420,217131,1,0,39751,1939,14865,17281,67138,56488,2604,759,1682,2539,294,1957,1717,8117,0.1778,0.0087,0.0665,0.0773,0.3003,0.2527,0.0116,0.0034,0.0075,0.0114,0.0013,0.0088,0.0077,0.0363,17
192,477883,441962,0,201803,43426,196734,43423,201702,6970,238155,0,1,54954,2085,23978,22466,84260,28662,2245,629,2268,4176,302,2063,1653,8414,0.2242,0.0085,0.0978,0.0917,0.3437,0.1169,0.0092,0.0026,0.0093,0.017,0.0012,0.0084,0.0067,0.0343,17
193,517000,458160,0,214206,24132,219810,24131,214098,6939,231290,12,0,50863,1865,19639,20647,79140,37032,1797,684,1760,3960,272,1752,1737,10142,0.2135,0.0078,0.0824,0.0867,0.3322,0.1554,0.0075,0.0029,0.0074,0.0166,0.0011,0.0074,0.0073,0.0426,17
194,520209,487093,0,203323,14069,269701,14068,201990,3223,212835,0,0,49489,2924,18298,17633,64313,41143,3480,883,2102,2431,281,1609,1695,6554,0.2291,0.0135,0.0847,0.0816,0.2977,0.1904,0.0161,0.0041,0.0097,0.0113,0.0013,0.0074,0.0078,0.0303,17
195,486347,456450,0,198890,20552,237004,20551,198312,3558,215305,5,1,49433,2640,20717,16551,64949,42350,3042,838,2138,2799,270,1591,1761,6226,0.2259,0.0121,0.0947,0.0756,0.2968,0.1935,0.0139,0.0038,0.0098,0.0128,0.0012,0.0073,0.008,0.0284,17
196,513690,506971,0,247100,13442,246420,13399,242904,4204,252099,10,1,61783,6390,17766,16526,89681,19041,12760,3588,6084,2661,728,4906,3052,7133,0.2411,0.0249,0.0693,0.0645,0.3499,0.0743,0.0498,0.014,0.0237,0.0104,0.0028,0.0191,0.0119,0.0278,17
197,514526,486705,0,235473,9611,241598,9580,231728,2736,238572,26,3,60845,6192,15345,15958,84118,17222,14203,2950,4639,2744,423,4330,3189,6414,0.2521,0.0257,0.0636,0.0661,0.3486,0.0714,0.0589,0.0122,0.0192,0.0114,0.0018,0.0179,0.0132,0.0266,17
198,535919,538519,0,252269,9155,277095,9114,248606,4095,253625,2,2,53702,7495,18360,18773,87011,22731,17296,2791,6030,2789,653,4991,3279,7724,0.2084,0.0291,0.0712,0.0728,0.3376,0.0882,0.0671,0.0108,0.0234,0.0108,0.0025,0.0194,0.0127,0.0299,17
199,514965,531429,0,251497,16806,263120,16801,247382,2796,261387,7,1,58349,5670,19244,17208,109636,17776,7737,2987,4786,2619,783,4020,2747,7825,0.2209,0.0215,0.0728,0.0651,0.415,0.0673,0.0293,0.0113,0.0181,0.0099,0.003,0.0152,0.0104,0.0296,17
200,470737,511425,0,228275,10795,272354,10776,224777,3952,231601,1,0,55290,6171,19120,14548,86826,17163,8289,2033,3957,2781,610,4957,2742,7114,0.2347,0.0262,0.0812,0.0618,0.3686,0.0729,0.0352,0.0086,0.0168,0.0118,0.0026,0.021,0.0116,0.0302,17
201,489198,479568,0,234273,13875,231416,13800,230323,3751,240372,4,0,57286,4700,17538,18034,90342,17790,10960,2528,4780,2871,453,3756,2877,6457,0.2347,0.0193,0.0718,0.0739,0.3701,0.0729,0.0449,0.0104,0.0196,0.0118,0.0019,0.0154,0.0118,0.0264,17
202,696042,712870,0,335961,12150,364765,12146,330965,4233,338878,5,11,69910,6807,24527,35625,134910,23481,10330,4695,6268,3519,965,5687,3705,8449,0.2038,0.0198,0.0715,0.1038,0.3932,0.0684,0.0301,0.0137,0.0183,0.0103,0.0028,0.0166,0.0108,0.0246,17
203,510367,533631,0,243184,10933,279512,10866,238993,2595,247264,12,10,56858,5830,19484,16311,99806,17923,7371,2128,4573,3049,696,4072,2665,6498,0.2276,0.0233,0.078,0.0653,0.3994,0.0717,0.0295,0.0085,0.0183,0.0122,0.0028,0.0163,0.0107,0.026,17
204,524881,542029,47,262480,14657,264844,14661,257510,2892,269279,2,1,64794,6647,19614,16590,105158,19343,8861,2385,4912,3087,744,4602,3750,8792,0.2381,0.0244,0.0721,0.061,0.3864,0.0711,0.0326,0.0088,0.018,0.0113,0.0027,0.0169,0.0138,0.0323,17
205,472024,487959,0,228903,14613,244316,14603,225540,3204,236939,127,0,57356,5870,18212,14906,86614,16772,11197,2397,4675,2629,549,5379,3225,7158,0.2388,0.0244,0.0758,0.0621,0.3607,0.0698,0.0466,0.0099,0.0195,0.0109,0.0023,0.0224,0.0134,0.0298,17
206,494961,476517,0,234498,11786,230226,11778,230641,3222,239197,8,1,56006,6079,16497,18250,87542,18228,11126,2408,4594,3007,462,3693,2947,8358,0.231,0.0251,0.0681,0.0753,0.3611,0.0752,0.0459,0.0099,0.019,0.0124,0.0019,0.0152,0.0122,0.0345,17
207,519925,534326,0,249865,16257,268203,16233,245817,3049,259001,1,0,61092,6517,19112,18171,95601,20213,10328,2792,4542,3228,775,4577,4588,7465,0.2331,0.0249,0.0729,0.0693,0.3648,0.0771,0.0394,0.0107,0.0173,0.0123,0.003,0.0175,0.0175,0.0285,17
208,507764,482894,0,238668,15269,228957,15232,235443,3383,247292,0,0,50978,5501,15614,17084,86715,17121,25633,3627,6555,2144,722,4906,2802,7890,0.2034,0.0219,0.0623,0.0682,0.3459,0.0683,0.1023,0.0145,0.0261,0.0086,0.0029,0.0196,0.0112,0.0315,17
209,522306,519984,0,241074,12747,266164,12722,237076,3149,246649,0,1,52616,5703,15614,17060,86879,19938,23966,3283,5122,2378,836,3796,2897,6561,0.2106,0.0228,0.0625,0.0683,0.3478,0.0798,0.0959,0.0131,0.0205,0.0095,0.0033,0.0152,0.0116,0.0263,17
210,482709,520275,0,231726,7744,280803,7742,228012,2320,233434,2,0,54734,6635,16033,17387,90576,17524,8256,1983,4149,2950,907,3790,2622,5888,0.2322,0.0281,0.068,0.0738,0.3842,0.0743,0.035,0.0084,0.0176,0.0125,0.0038,0.0161,0.0111,0.025,17
211,455984,362500,0,171654,6656,184190,6628,170401,3756,173273,0,0,30940,2374,10431,13228,73648,14189,8734,6413,2393,2633,341,1907,1866,4176,0.1748,0.0134,0.0589,0.0747,0.416,0.0802,0.0493,0.0362,0.0135,0.0149,0.0019,0.0108,0.0105,0.0236,17
212,522004,437369,0,180422,4124,252820,4115,179526,6029,177612,3,0,34685,2441,12726,14996,56330,26182,8603,4759,2841,2826,304,2136,2770,6013,0.1889,0.0133,0.0693,0.0817,0.3067,0.1426,0.0468,0.0259,0.0155,0.0154,0.0017,0.0116,0.0151,0.0327,17
213,529459,441202,0,187665,20295,233213,20177,185898,4980,201095,38,9,39353,2498,12218,15726,73267,19095,15363,4812,3805,2983,548,2370,2770,6287,0.191,0.0121,0.0593,0.0763,0.3555,0.0927,0.0746,0.0234,0.0185,0.0145,0.0027,0.0115,0.0134,0.0305,17
214,498055,416150,0,171676,9221,235258,9148,170470,4361,175257,0,5,32812,2424,11117,14462,59257,25378,9733,4493,2797,2128,287,2235,2766,5368,0.1827,0.0135,0.0619,0.0805,0.3299,0.1413,0.0542,0.025,0.0156,0.0118,0.0016,0.0124,0.0154,0.0299,17
215,527423,456463,0,199631,5622,251209,5596,197666,4223,199039,1,0,34164,2724,12257,14091,74805,27781,10215,5933,2994,2691,493,2645,2694,5552,0.1681,0.0134,0.0603,0.0693,0.368,0.1367,0.0503,0.0292,0.0147,0.0132,0.0024,0.013,0.0133,0.0273,17
216,431714,343389,0,167031,11007,165363,10779,165005,3722,172062,16,28,25998,2051,9125,10983,66877,14352,24094,6412,2412,1788,294,1931,1917,3828,0.1479,0.0117,0.0519,0.0625,0.3804,0.0816,0.1371,0.0365,0.0137,0.0102,0.0017,0.011,0.0109,0.0218,17
217,440351,372850,626,148631,3980,219595,4551,147630,3993,148188,18,0,28187,1780,10877,10080,51916,12158,6169,14379,2161,1794,284,1657,1940,4806,0.1852,0.0117,0.0715,0.0662,0.3411,0.0799,0.0405,0.0945,0.0142,0.0118,0.0019,0.0109,0.0127,0.0316,17
218,534927,455856,0,187620,5913,262440,5906,186566,5313,187159,32,149,37055,2746,12437,17257,58347,19417,18154,5694,2827,2626,327,2249,2550,5473,0.1925,0.0143,0.0646,0.0897,0.3031,0.1009,0.0943,0.0296,0.0147,0.0136,0.0017,0.0117,0.0132,0.0284,17
219,338108,273709,2639,113945,49971,107152,52389,112846,2960,162275,2,0,20845,2608,14167,8757,93272,12478,1095,547,1042,1226,225,1194,1266,3553,0.1262,0.0158,0.0857,0.053,0.5645,0.0755,0.0066,0.0033,0.0063,0.0074,0.0014,0.0072,0.0077,0.0215,17
220,125347,127559,43,51126,27966,48418,28009,51117,2573,76553,6,0,14831,445,6561,2629,44623,2819,374,188,516,1085,129,350,411,1592,0.1874,0.0056,0.0829,0.0332,0.5639,0.0356,0.0047,0.0024,0.0065,0.0137,0.0016,0.0044,0.0052,0.0201,17
221,36107,31990,2420,12591,374,16605,2791,12586,383,14994,0,0,4917,307,1720,996,4469,1226,121,61,109,243,14,162,185,464,0.3198,0.0199,0.1119,0.0648,0.2906,0.0797,0.0079,0.004,0.0071,0.0158,0.0009,0.0105,0.012,0.0302,13
222,563231,481426,29264,231774,47564,172824,76448,231082,11807,295723,0,0,47155,2234,38253,14073,152811,14525,2024,1288,3273,5184,734,2195,1652,10322,0.1533,0.0073,0.1244,0.0458,0.4969,0.0472,0.0066,0.0042,0.0106,0.0169,0.0024,0.0071,0.0054,0.0336,17
223,597240,487630,2568,216882,12956,255224,14757,216641,9956,221442,0,0,48374,2804,28459,20390,75163,16642,1926,1180,5497,4628,482,2570,1922,11405,0.2091,0.0121,0.123,0.0881,0.3248,0.0719,0.0083,0.0051,0.0238,0.02,0.0021,0.0111,0.0083,0.0493,17
224,30704,30350,1912,15905,1002,11531,2859,15696,742,17813,0,0,2318,226,2813,919,8667,1162,147,87,171,229,47,251,160,616,0.1249,0.0122,0.1516,0.0495,0.4671,0.0626,0.0079,0.0047,0.0092,0.0123,0.0025,0.0135,0.0086,0.0332,17
225,376862,372342,46328,190839,16887,118288,63171,190123,3555,249739,0,0,18145,1093,34172,3048,174561,10228,859,772,1007,1546,426,1003,873,2006,0.0716,0.0043,0.1349,0.012,0.6892,0.0404,0.0034,0.003,0.004,0.0061,0.0017,0.004,0.0034,0.0079,17
