id,13,14,15,16,17,18,19,20,21,22,23,24,25,26,27,percent13,percent14,percent15,percent16,percent17,percent18,percent19,percent20,percent21,percent22,percent23,percent24,percent25,percent26,percent27,winner_index
Сумма,8984506,541289,3234113,2684092,25201048,4820466,1094775,515020,372767,1639774,383979,122821,826365,1969987,646950,0.169397679608745,0.010205691921724,0.06097733541914,0.050607006675349,0.475151225949698,0.090887106343706,0.020641351240198,0.009710405074766,0.007028306800717,0.030916993070306,0.007239702594469,0.002315719120981,0.015580635489124,0.037142968743005,0.012197869137353,17
1,29366,0,12356,10109,0,14349,0,0,0,10468,0,0,0,0,150217,0.129442620060388,0,0.054464077535218,0.044559514390055,0,0.063249032741408,0,0,0,0.046141952382539,0,0,0,0,0.662142306175766,27
2,21967,1378,3824,2753,23545,11843,0,0,2490,1944,0,0,0,1654,0,0.307669682624163,0.019300177342791,0.053558677945133,0.038558326459977,0.329769631856209,0.165872234023066,0,0,0.034874766758206,0.027227528746166,0,0,0,0.023165808922921,0,17
3,41614,0,33888,9517,247015,11430,3204,3085,0,9707,0,0,3144,5930,0,0.112917668383378,0,0.091953495788247,0.025823932348228,0.670263596616316,0.031014767966822,0.008693903461566,0.008371002552725,0,0.026339488421167,0,0,0.008531096280638,0.016090776381737,0,17
4,53807,8444,18938,11569,256876,23653,5639,3306,0,0,0,0,0,13575,0,0.135942517439055,0.021333622446934,0.047846532463757,0.029228880244651,0.648992811973805,0.059758899163863,0.014246836865726,0.008352552345822,0,0,0,0,0,0.034297004868281,0,17
5,48746,7226,45276,7988,228980,9181,5363,0,4485,10235,0,0,7163,7682,0,0.127498855685608,0.018900144092731,0.118422762474403,0.020893211119479,0.598914306727377,0.02401359179869,0.014027327395314,0,0.011730852763002,0.026770407587365,0,0,0.018735361949027,0.020092845245348,0,17
6,52744,6291,9128,10996,66535,10974,4788,5634,0,0,166107,0,4508,13784,0,0.150058750060457,0.017898134263742,0.025969505840134,0.031284036614604,0.189294595866925,0.031221445781072,0.013622041406941,0.016028943460047,0,0,0.472580708434166,0,0.012825430798348,0.039216002245881,0,23
7,46187,11653,10781,0,223393,13242,0,5400,0,14904,0,0,3348,12182,0,0.13541000908851,0.034163990072573,0.031607477909624,0,0.65493825365593,0.038822578840482,0,0.015831590827564,0,0.043695190684077,0,0,0.00981558631309,0.035714896196553,0,17
8,41010,0,14903,11281,164753,42880,3529,0,0,0,0,0,10330,12312,0,0.136246752470116,0,0.049511934478501,0.037478637378512,0.547355548623526,0.142459353850775,0.011724325087206,0,0,0,0,0,0.034319149376831,0.040903907756781,0,17
9,61429,23081,7234,19628,115716,17338,0,0,3278,13060,15565,0,0,22692,0,0.205433732079018,0.077188505632973,0.024192257944191,0.065640812680202,0.386982488287255,0.057982494917941,0,0,0.010962430403796,0.043675820949839,0.052053151078426,0,0,0.075887574961236,0,17
10,25136,2648,7927,3214,369167,15139,2351,0,0,0,0,0,3843,2286,0,0.058224136053981,0.006133732156162,0.018361818017777,0.007444794135125,0.855125176254408,0.035067435722357,0.005445771938917,0,0,0,0,0,0.008901787137923,0.005295208274081,0,17
11,29744,3355,14065,6119,406624,22809,6125,0,0,0,0,0,7053,7797,0,0.059052077563427,0.006660828973844,0.027923862378009,0.012148319508783,0.807288490266308,0.04528370970352,0.012160231572365,0,0,0,0,0,0.014002630739573,0.015479726623629,0,17
12,21959,4691,5599,6161,358063,70369,2583,0,0,0,0,0,7608,5989,0,0.045461697396806,0.009711772048657,0.011591603199132,0.012755111146607,0.741297413161409,0.145684858996197,0.005347581900939,0,0,0,0,0,0.015750833566529,0.012399019746312,0,17
13,12820,0,8347,0,141040,19572,0,0,0,0,0,0,0,12479,0,0.065994708068651,0,0.042968614750995,0,0.726044497960986,0.100752573128846,0,0,0,0,0,0,0,0.064239288783715,0,17
14,63563,0,16682,0,321114,51450,1562,0,0,0,0,0,5395,0,0,0.138250762344323,0,0.03628366382846,0,0.698428990925078,0.11190471789799,0.003397379384969,0,0,0,0,0,0.011734226492899,0,0,17
15,21835,0,3335,8080,39717,6740,1953,0,4035,0,2028,0,1053,4762,0,0.233434539973059,0,0.035653869840656,0.086381789598951,0.424607120977913,0.072056096769422,0.020879162758261,0,0.043137440721753,0,0.021680973924093,0,0.011257428768279,0.05090966362255,0,17
16,28917,3352,10948,1960,210632,6108,1359,0,0,3602,0,0,0,0,0,0.108352880342329,0.01256004106402,0.04102247109111,0.007344176410173,0.78924416613652,0.022886851792519,0.005092212112972,0,0,0.013496797668084,0,0,0,0,0,17
17,26368,0,10555,10122,55677,25858,29751,8956,7951,0,0,0,2105,12497,0,0.13889591234724,0,0.055599411491093,0.05331854506043,0.29328360337182,0.136209339870836,0.156716067387162,0.04717653522636,0.041882607367663,0,0,0,0.011088276758764,0.065829071094665,0,17
18,81407,0,21186,19060,67531,23257,0,0,0,16926,0,9105,0,0,0,0.341369217350465,0,0.088840491431241,0.079925411435828,0.283181687286092,0.097524936713697,0,0,0,0.070976784573076,0,0.038180528390515,0,0,0,13
19,16021,7000,15048,18396,112204,16064,0,0,0,8820,0,0,11199,11069,0,0.074232813303617,0.032434274664248,0.069724413114108,0.085237261007917,0.519893543929783,0.07443201570076,0,0,0,0.040867179935303,0,0,0.051890198196763,0.051287847472093,0,17
20,14379,3760,16225,13697,153043,11625,0,0,0,6500,0,0,4185,7135,0,0.062368520357928,0.016308893045897,0.070375470997662,0.059410343682895,0.66381961219693,0.050423103257185,0,0,0,0.028193563111544,0,0,0.018152317172587,0.03094785735398,0,17
21,13753,4523,11246,8648,0,23678,0,0,0,17046,0,0,4988,9079,144080,0.058019498736506,0.019081082567679,0.047443253876323,0.036483128180904,0,0.099889859975421,0,0,0,0.071911586837614,0,0,0.02104276634671,0.038301378440614,0.607827140183235,27
22,122851,0,8502,7838,0,18463,0,1498,0,16740,2336,0,4966,8165,41961,0.526534373392765,0,0.036439142866187,0.033593272381225,0,0.079131486090145,0,0.006420352389267,0,0.07174679505763,0.010011978091674,0,0.021284025343859,0.034994777876078,0.17984272804141,13
23,51526,0,33235,15312,220015,24137,0,0,0,13049,0,0,0,15699,0,0.138149410279028,0,0.089108293870446,0.041053894862171,0.589895028611588,0.064715116267518,0,0,0,0.034986433781118,0,0,0,0.042091503098304,0,17
24,69215,20067,12446,49703,64275,62597,18322,0,0,0,8611,0,5259,0,0,0.222918243449975,0.064629013649218,0.040084344269173,0.1600765035522,0.207007972674037,0.201603703858059,0.059008947107487,0,0,0,0.027733110115848,0,0.016937455127075,0,0,13
25,17733,7692,24725,0,340844,23915,0,0,0,11039,0,0,14396,0,0,0.040270788292789,0.01746815965823,0.056149275925186,0,0.774040194274779,0.054309805207313,0,0,0,0.025069033647649,0,0,0.032692617845055,0,0,17
26,41216,0,20539,8464,232177,16668,8354,13300,0,18168,0,0,0,10229,0,0.111661677255056,0,0.055643888183114,0.022930516070981,0.629009738871944,0.045156644833543,0.022632506055881,0.036032120007567,0,0.049220417766728,0,0,0,0.027712222222361,0,17
27,36221,0,17066,10194,295275,20493,0,8300,0,15917,0,0,0,8166,0,0.087993644808956,0,0.041459352897346,0.024764833202599,0.717327459672091,0.049784748560021,0,0.02016363700035,0,0.038668025317418,0,0,0,0.019838103583718,0,17
28,25229,0,14183,9217,276061,21552,10040,9373,0,0,0,0,0,11375,0,0.066915099594197,0,0.037617689528177,0.024446326192005,0.732198899304665,0.057162549863306,0.026629175975668,0.024860086296806,0,0,0,0,0,0.030170007641755,0,17
29,20869,0,15062,10176,285818,12064,0,15927,0,51844,0,0,0,8242,0,0.049687858629245,0,0.035861729749162,0.024228453188652,0.680515726559947,0.028723669346295,0,0.037921243507828,0,0.123437492837309,0,0,0,0.019623713755981,0,17
30,41483,0,13513,9155,252025,10727,5952,6194,0,13317,0,0,0,5517,0,0.115912183590727,0,0.037758137780704,0.025580977679446,0.704210365883372,0.029973473246031,0.016631128252109,0.017307326679026,0,0.037210472939069,0,0,0,0.015415647608684,0,17
31,51785,0,12875,11177,195454,12390,8040,7359,0,23445,6699,0,0,9646,0,0.152816714374244,0,0.037993903838925,0.03298313500642,0.576781396577337,0.036562677170041,0.023725901892424,0.021716282590342,0,0.069185792272124,0.019768633927531,0,0,0.028465180305264,0,17
32,6898,1960,5240,0,121936,14717,0,0,0,0,0,0,6625,2983,0,0.043015982888394,0.012222572317326,0.032676670439376,0,0.760393604331256,0.09177529749166,0,0,0,0,0,0,0.041313538484898,0.01860200532837,0,17
33,66643,0,17545,19258,94260,18002,0,0,0,8102,0,4123,5364,18644,0,0.264518280073509,0,0.069639247201314,0.076438450989051,0.374134821384771,0.071453162047196,0,0,0,0.032158289018241,0,0.016364925403877,0.021290676659324,0.074001375025437,0,17
34,61164,0,16591,12677,93607,28722,7011,0,0,11280,3390,10625,8528,14211,0,0.228389207112611,0,0.061951509118332,0.047336464414025,0.349532572722541,0.107249185998235,0.026179376193637,0,0,0.042120006199432,0.012658406118447,0.039674207967107,0.031843919580564,0.0530644865337,0,17
35,33112,3602,5315,9700,42616,6651,0,0,0,9856,0,0,1672,3966,24755,0.234429537328755,0.025501745347712,0.037629581357886,0.068674870963593,0.301716319689122,0.047088305853491,0,0,0,0.069779332805894,0,0,0.011837565386714,0.028078818375424,0.175262518629252,17
36,12634,3711,1069,0,668255,14882,0,0,0,0,5611,0,0,7388,0,0.017705837012123,0.005200756650433,0.001498143039286,0,0.93652158720129,0.020856281300895,0,0,0,0,0.00786349915195,0,0,0.010353864148032,0,17
37,53390,5415,10569,17241,37571,111123,0,0,0,0,0,0,3527,16216,0,0.209329862145758,0.021230947241068,0.041438571138001,0.067597918912885,0.147307082621425,0.435687230633751,0,0,0,0,0,0,0.013828540108216,0.063579134220251,0,18
38,22502,0,13596,0,97548,45197,3231,0,0,27788,4957,0,5934,13750,0,0.095956128493026,0,0.057977912592436,0,0.415977450541845,0.192735195310409,0.013778069695952,0,0,0.11849736945562,0.021138313674662,0,0.025304569970838,0.058634620340247,0,17
39,33194,0,7937,12273,62196,17701,0,0,0,18361,0,0,0,10844,0,0.204263227203919,0,0.048841212161621,0.075523270361544,0.382730002721958,0.108925072001116,0,0,0,0.112986455398705,0,0,0,0.066729759944641,0,17
40,51177,0,14593,14565,41814,16689,5921,0,2585,14683,0,0,7024,9580,0,0.28649562505948,0,0.081693416009504,0.081536668551938,0.234079935381443,0.093427082833044,0.033146489151804,0,0.014471149207467,0.08219724712311,0,0,0.039321219355222,0.053630022981638,0,13
41,43132,0,12870,13561,55377,21456,3835,0,0,8294,0,0,0,9096,0,0.257318593732289,0,0.076780237816367,0.080902626653283,0.330369792506366,0.128002858009943,0.022878959753362,0,0,0.049480597703881,0,0,0,0.054265193720099,0,17
42,39784,0,10370,7905,72680,19846,4012,0,0,18530,0,0,2156,6316,0,0.21907609623401,0,0.057103769789091,0.043529922872012,0.400221985368476,0.109284610919411,0.022092606016763,0,0,0.102037883721489,0,0,0.011872297749786,0.034779885244734,0,17
43,28728,6036,10233,13480,57995,16486,0,0,0,0,0,0,3025,8234,0,0.199199816942524,0.041853537813038,0.070955455292715,0.093470100395368,0.402136385195055,0.114313655424186,0,0,0,0,0,0,0.020975300719287,0.057094421858714,0,17
44,31308,0,23475,0,32290,36617,0,0,0,0,0,0,5464,14103,0,0.21854429451964,0,0.163866088135319,0,0.225398764042149,0.255603175686942,0,0,0,0,0,0,0.038141184475884,0.098445300999889,0,18
45,17470,0,10589,9728,37070,8584,0,0,0,0,0,0,0,3878,0,0.200071004019744,0,0.121267716508964,0.111407342166323,0.424534351778948,0.098305985316172,0,0,0,0,0,0,0,0.044411767364412,0,17
46,45252,6016,8942,15173,130231,13499,2782,4027,0,0,2429,0,3750,6010,0,0.190045818966784,0.025265507256683,0.037553879972888,0.063722323957574,0.546933498406303,0.056691995722882,0.01168361597904,0.01691226511416,0,0,0.010201115461211,0,0.015748943178073,0.025240306266725,0,17
47,56978,0,14859,19029,164331,19471,4004,3446,5417,0,3658,0,0,9188,0,0.189685765744172,0,0.049467145447903,0.06334950607229,0.547074869008641,0.064820969716409,0.013329729482025,0.011472089858905,0.018033752398633,0,0.01217785975156,0,0,0.030587800819391,0,17
48,45255,3571,8524,8948,276279,12906,2964,2756,0,0,4440,0,0,10950,0,0.120169519879552,0.009482382467297,0.022634507453386,0.023760390977581,0.733627297596677,0.034270407460512,0.007870563126682,0.007318242907266,0,0,0.011789912376001,0,0,0.029076473089463,0,17
49,42708,5548,11799,15054,243149,19876,3070,8589,6356,0,2835,0,3620,8786,0,0.114995018713482,0.014938469754572,0.031769826522081,0.040534195140555,0.654699682093181,0.053517846593176,0.008266240140926,0.023126624290038,0.017114078936719,0,0.007633482345122,0,0.009747162641744,0.023657063803967,0,17
50,42572,0,11851,16657,209512,11098,7913,5207,0,8958,5668,0,6870,7105,0,0.127686249103959,0,0.035544704468149,0.049959340336339,0.628389344572679,0.033286231557465,0.023733461012274,0.01561735517388,0,0.026867729527101,0.017000032480421,0,0.020605191097476,0.02131002660081,0,17
51,41153,0,15229,12621,278780,15855,5734,3768,0,0,2131,0,0,4662,0,0.108316466324326,0,0.040083371695301,0.033219005461054,0.733760743398518,0.041731030154902,0.015092130363179,0.009917535264817,0,0,0.005608882072538,0,0,0.01227058105217,0,17
52,44502,0,19288,11772,271669,17641,3811,5211,0,0,0,0,8606,9373,0,0.113562302072355,0,0.049220013653561,0.030040335998015,0.693257563731298,0.045017122607967,0.009725086687771,0.013297671668846,0,0,0,0,0.021961190247955,0.023918456448301,0,17
53,50377,2962,13658,13172,179745,12597,13303,5197,10234,0,6369,0,8260,9712,0,0.154727168858612,0.009097438441392,0.041948957042774,0.040456264619082,0.552065842997027,0.038690219056071,0.040858615869089,0.015961980506026,0.031432539637996,0,0.019561642070979,0,0.025369628435592,0.029829277405141,0,17
54,26846,10672,29519,13500,73325,13353,0,0,0,13629,0,0,0,6840,0,0.143038298416487,0.056861489879954,0.157280154726723,0.071929336658111,0.390682860033775,0.071146106103389,0,0,0,0.072616661430622,0,0,0,0.036444197240109,0,17
55,37722,19206,0,26792,61872,18309,5836,0,0,17475,0,0,0,12167,0,0.189197458107424,0.096329010451432,0,0.1343770488958,0.310323110229955,0.091830001053793,0.029270844183185,0,0,0.08764701886586,0,0,0,0.061024393621798,0,17
56,65677,0,16126,18066,79451,12640,0,0,0,17978,0,0,0,9637,0,0.299109643629739,0,0.073441776308125,0.082277014187187,0.361839425118244,0.057565673603789,0,0,0,0.081876240510199,0,0,0,0.043889271876559,0,17
57,30552,15345,15798,13554,72311,18708,0,0,0,9461,0,0,0,9554,0,0.164893703145998,0.082819181164157,0.085264049475647,0.073152862804971,0.390272735892742,0.100969732725055,0,0,0,0.051062360557609,0,0,0,0.051564294764548,0,17
58,45427,0,14765,17892,58731,22345,0,0,0,10540,0,0,0,10218,0,0.252487244189019,0,0.082065047853034,0.099445163304198,0.326431583166716,0.124195292534782,0,0,0,0.058582160810768,0,0,0,0.056792459123759,0,17
59,32883,0,20960,15145,56091,27004,5268,0,0,10898,0,0,0,0,0,0.19544246919744,0,0.124577118748642,0.09001528928665,0.333380494643611,0.160500024555741,0.031310699502283,0,0,0.064772969471503,0,0,0,0,0,17
60,31755,0,13228,18636,57121,28287,10660,0,0,7001,0,0,0,8752,0,0.181002051983584,0,0.075398919018701,0.106224240613284,0.325586759394257,0.161234443776988,0.06076145122009,0,0,0.039905339586478,0,0,0,0.049885949444487,0,17
61,30901,0,15950,14186,48250,26446,5273,0,0,15055,0,0,0,16774,0,0.17878901842798,0,0.092284453383592,0.082078197849507,0.279167703809299,0.153012830983228,0.030508835278475,0,0,0.087106109447648,0,0,0,0.097052001320149,0,17
62,45359,4405,20427,0,70057,14623,0,4632,2635,15862,0,0,3028,9612,0,0.237930130088124,0.02310634967637,0.107149454626959,0,0.367482711254756,0.076704678856907,0,0.024297071221035,0.013821844271897,0.083203830679632,0,0,0.015883318578863,0.050419570072665,0,17
63,59966,0,10175,7063,71480,16618,3261,4835,4238,0,0,0,0,12125,0,0.316008031154979,0,0.053619990702264,0.037220441703203,0.376683728294627,0.087573170072749,0.017184745914505,0.025479376417243,0.022333318977513,0,0,0,0,0.063896057716457,0,17
64,51049,5306,14041,8982,65922,13367,3800,3648,5981,0,0,0,1854,12088,0,0.274400928842495,0.02852101277055,0.075473705035309,0.048280380217017,0.354346384398377,0.071850795186025,0.020425901227418,0.019608865178321,0.032149293484523,0,0,0,0.009965689704114,0.064975866851849,0,17
65,44298,0,11010,8440,192863,39585,0,6876,0,14506,0,0,3701,9633,0,0.133866405570061,0,0.033271672063996,0.025505259965497,0.582822387763701,0.119623899968507,0,0.020778929801275,0,0.04383641007814,0,0,0.011184237811884,0.029110446593321,0,17
66,38291,0,20233,9977,233145,21611,0,4634,0,13090,0,0,3748,11429,0,0.107511273086664,0,0.056809039506028,0.028012839774212,0.65461095811955,0.060678107683723,0,0.013011075424847,0,0.036753339946321,0,0,0.010523416204646,0.032089680843888,0,17
67,41208,0,12298,9468,193273,15575,0,0,0,15266,5628,0,0,8959,0,0.136597331565426,0,0.040765706245176,0.031384754165663,0.640665989845812,0.051628384677883,0,0,0,0.050604104044467,0.018655829789222,0,0,0.029697508720973,0,17
68,30996,0,11606,17480,128272,13019,0,0,0,21029,0,0,0,9617,0,0.133592507510161,0,0.050021736657217,0.075338614231273,0.552850956789118,0.056111751640557,0,0,0,0.090634766514269,0,0,0,0.041449167795317,0,17
69,44253,0,19388,14881,54987,14950,4153,0,11695,9959,0,0,6633,19044,0,0.221328078502373,0,0.096967528437421,0.074426129083828,0.275013074385623,0.074771227054851,0.020770896719652,0,0.05849160537836,0.049809140484231,0,0,0.033174417996978,0.095247040002179,0,17
70,0,0,31034,20823,36998,22131,9016,3801,0,32913,0,0,5404,23799,0,0,0,0.166922154271484,0.112000387265422,0.199000640063684,0.119035709099124,0.048494236737504,0.020444387071789,0,0.177028706049409,0,0,0.029066421398566,0.128007358043019,0,17
71,49490,0,30565,15136,80246,22577,0,0,0,27948,0,0,0,9089,0,0.21055005084003,0,0.130035492812285,0.064394477971757,0.341397943929809,0.096051409168099,0,0,0,0.118901748834214,0,0,0,0.038668169284177,0,17
72,27469,0,15685,12288,49635,11576,30125,0,3239,3890,0,0,4031,6313,0,0.167237946800933,0,0.095493994129597,0.074812253736978,0.302189633319896,0.070477429138937,0.183408133449418,0,0.01971979897901,0.023683241132556,0,0,0.024541682520651,0.038435038886844,0,17
73,24070,3331,14583,15217,53524,35356,13560,0,3899,0,0,0,4651,6628,0,0.137685263043491,0.019053977980357,0.083417631522797,0.087044236363052,0.306167819353093,0.202243281911814,0.07756587008497,0,0.022303047747883,0,0,0,0.026604635823392,0.037913465112329,0,17
74,31074,2339,6366,10847,149701,60101,4171,2763,5505,8551,5068,0,8826,6974,0,0.102796689228082,0.007737702720569,0.021059518708107,0.035883223284141,0.49522950206132,0.198821573024812,0.013798186071554,0.009140347186695,0.018211223765022,0.02828777010258,0.016765573486128,0,0.029197504259779,0.023070858226569,0,17
75,54303,9838,19325,27390,166464,28704,0,0,0,0,0,0,6419,25393,0,0.160737754413384,0.029120624561078,0.057202279033815,0.081074795484409,0.492735843574905,0.084964254457264,0,0,0,0,0,0,0.019000332683988,0.075163646649711,0,17
76,59852,4484,10783,11945,236467,15969,0,0,9058,0,0,0,3637,9972,0,0.165260777486629,0.012381022991886,0.029773542898647,0.032982005928252,0.652922226524559,0.044092896832838,0,0,0.025010549158485,0,0,0,0.010042323613315,0.027534245551823,0,17
77,49574,0,14759,10838,206442,17313,0,5291,0,0,4642,0,3655,10217,0,0.153607803402834,0,0.045731562741959,0.033582131377285,0.639671744398364,0.05364527039444,0,0.016394450739732,0,0,0.014383489006584,0,0.011325215923969,0.031657929164211,0,17
78,52834,0,11116,5176,188442,40099,5016,2710,0,0,0,0,9107,6263,0,0.164713511221681,0,0.034654851999382,0.016136516188269,0.587480174565264,0.125011236984815,0.015637705796051,0.008448601018201,0,0,0,0,0.028391664012088,0.019525309290404,0,17
79,51747,0,12838,0,102222,9675,3264,2394,7954,0,0,0,5065,9900,0,0.252351762175764,0,0.062606294779508,0,0.498499818114262,0.047181484810075,0.015917350534376,0.011674674380912,0.038788788649027,0,0,0,0.024700177835972,0.048278728642868,0,17
80,42904,0,8118,9426,94633,13500,4894,0,0,0,0,0,3987,8105,0,0.231204901733606,0,0.043746947924422,0.050795606200493,0.509966115167753,0.072749913399815,0.026373190828051,0,0,0,0,0,0.021485474424079,0.043676892452259,0,17
81,38783,0,17286,9895,173864,18720,0,5897,0,0,0,0,4323,8204,0,0.140024984474965,0,0.062410609234708,0.035725614854647,0.627731005668355,0.067588025273269,0,0.021290950055367,0,0,0,0,0.01560806801583,0.029620307657153,0,17
82,44024,6772,19591,7060,171289,37739,0,1950,0,0,0,0,3545,7095,0,0.147205457007674,0.02264389569724,0.065507461165968,0.023606894790043,0.572748073894004,0.12618988703703,0,0.006520317966088,0,0,0,0,0.011853603687068,0.023723926138152,0,17
83,59586,0,21094,16048,168480,14501,0,6304,0,0,0,0,0,13175,0,0.199159057181438,0,0.070504117673391,0.053638479208428,0.563123814620881,0.048467820725412,0,0.021070349758844,0,0,0,0,0,0.04403582773997,0,17
84,46903,0,25571,9947,135124,18661,2939,2598,0,0,0,0,4541,9464,0,0.183395373570859,0,0.099985069925086,0.038893726899411,0.528347838901773,0.072966305184468,0.011491772731212,0.01015842992708,0,0,0,0,0.017755746843292,0.037005150434907,0,17
85,50271,0,21414,13063,77903,23091,7946,0,0,0,0,0,4462,17325,0,0.233303167420814,0,0.099380330963007,0.060624136703548,0.361540390539421,0.107163127966134,0.036876627899134,0,0,0,0,0,0.020707716295738,0.080403672080606,0,17
86,50859,0,17313,13358,72210,14971,0,0,0,0,0,0,5819,10834,0,0.274373664789279,0,0.093399874698076,0.072063508705418,0.389557266328657,0.080765293369427,0,0,0,0,0,0,0.031392241140652,0.05844707690631,0,17
87,42954,5981,13783,13750,116383,10764,3145,0,0,14750,0,0,10539,0,0,0.18510745575288,0.02577470805265,0.059396883736869,0.059254672522814,0.501544476525284,0.046386712366223,0.013553159642491,0,0,0.063564103251746,0,0,0.045417090452214,0,0,17
88,29897,3552,8101,11942,108395,13456,2477,0,0,16019,0,0,4356,0,0,0.150846388657635,0.017921730096984,0.040873852023497,0.060253739151289,0.546910404899013,0.067892674093096,0.012497781935835,0,0,0.080824371752178,0,0,0.021978335935607,0,0,17
89,32280,0,11099,18175,104892,18961,0,0,0,17591,0,0,13272,0,0,0.149257872104314,0,0.051320073704513,0.084038412431708,0.485004520318386,0.087672755879923,0,0,0,0.08133808600199,0,0,0.061367692423308,0,0,17
90,37378,6497,8115,9204,215522,12429,0,0,0,0,0,0,5424,0,0,0.126890473878786,0.022055943433664,0.027548709798785,0.031245634625757,0.731651636876623,0.04219382798387,0,0,0,0,0,0,0.018413333573458,0,0,17
91,36756,2694,13864,5353,62009,13729,2981,0,0,3618,0,0,3409,8684,0,0.240083084580364,0.017596659473012,0.090556814734078,0.03496470205363,0.405030115756308,0.089675022322862,0.01947128279878,0,0,0.023632036620593,0,0,0.022266891332117,0.056722113325933,0,17
92,0,3550,9865,9629,48191,12209,10114,0,0,15929,0,0,8607,10718,0,0,0.02755954414185,0.076584463321485,0.074752336271929,0.374118790869303,0.094781521813686,0.078517512623771,0,0,0.123660812594823,0,0,0.066818294557326,0.083206515750601,0,17
93,93083,0,9978,14384,32563,9497,2705,0,0,0,4466,0,0,7961,0,0.533008468995688,0,0.057135484154578,0.082364883150877,0.186460490130841,0.054381207959113,0.015489224758282,0,0,0,0.02557296775249,0,0,0.045585847800621,0,13
94,40244,0,9623,15567,69413,13879,0,0,0,0,1826,0,2361,7603,0,0.250716439482668,0,0.059950316289156,0.096980834840828,0.432435966390853,0.08646476564244,0,0,0,0,0.01137579523475,0,0.014708791100353,0.047365920684449,0,17
95,37873,3228,15181,9514,70071,4719,1956,2988,0,10977,2025,0,0,5472,0,0.230927294456233,0.019682419055585,0.092564674046935,0.058010691580432,0.42725112147703,0.028773644478459,0.011926520152546,0.018219039987632,0,0.066931192083078,0.012347240955474,0,0,0.033364988893013,0,17
96,36087,2442,10629,9298,45515,13033,2077,1748,3611,0,0,2684,3011,6988,0,0.263172480182026,0.01780879439055,0.077514189595941,0.067807595715783,0.331927588621625,0.095045858782943,0.015146953785941,0.012747652969584,0.026333967318745,0,0,0.019573627328583,0.021958342729643,0.050961441047741,0,17
97,35138,0,20597,0,71987,15504,10868,0,5536,0,0,0,4160,14669,0,0.196896766204002,0,0.115415738489033,0,0.403380723727242,0.086877001967955,0.06089907490891,0,0.031021096677928,0,0,0,0.023310650682836,0.082198061265991,0,17
98,29685,0,21096,11325,79639,14881,4405,0,3712,8134,0,0,4880,11382,0,0.156948064650865,0,0.111536925195203,0.059876549006242,0.421060351991882,0.078677521038577,0.023289730540618,0,0.01962576158156,0.043005373034593,0,0,0.025801108975758,0.060177914418458,0,17
99,32212,3877,9932,13000,57025,16128,0,1665,0,8259,0,0,0,10182,0,0.211531389545574,0.025459644171829,0.065221858044421,0.085368924141912,0.374474069168658,0.10591000065852,0,0.010933789130483,0,0.054235534191389,0,0,0,0.066863568124073,0,17
100,34175,4957,10831,18169,60779,26253,3289,0,0,0,0,0,0,16290,0,0.195572927098653,0.028367342051561,0.061982374799851,0.103975419420043,0.347818923272101,0.150237585229478,0.01882190293756,0,0,0,0,0,0,0.093222498891106,0,17
101,25261,10160,19010,10574,240687,19040,5832,0,4726,10273,0,0,5215,0,0,0.072014208416719,0.028964182229693,0.054193804992322,0.030144413150385,0.686151727626883,0.054279329145387,0.016625895355877,0,0.013472904912873,0.029286320814631,0,0,0.014866948607836,0,0,17
102,20864,7276,17995,8139,262941,19586,0,0,0,13560,0,0,4437,5932,0,0.057838272392094,0.02017020717265,0.049884944719184,0.0225625765529,0.728913434254349,0.054295444694079,0,0,0,0.037590433475529,0,0,0.012300055555378,0.016444428567613,0,17
103,19811,0,15914,9798,264357,14247,8126,0,0,11483,0,0,5779,7934,0,0.055423291154822,0,0.044521029664366,0.027410899123505,0.739565529658341,0.039857428027411,0.022733309479241,0,0,0.032124857586774,0,0,0.016167338848207,0.02219616999856,0,17
104,23935,0,25457,7512,181859,25884,6243,0,0,11281,0,0,8130,8180,0,0.080189358786657,0,0.085288487913036,0.025167424331332,0.609281499130957,0.086719064349335,0.02091589857568,0,0,0.037794690346347,0,0,0.027237907323447,0.027405422128634,0,17
105,15448,0,16186,12244,95926,32651,5920,0,0,15582,0,0,4666,11567,0,0.073495408915743,0,0.077006490986139,0.058252037293604,0.45637740357941,0.155340351982479,0.028164983729021,0,0,0.074132901430002,0,0,0.022198955081016,0.055031143039458,0,17
106,36608,0,17832,17679,73852,57673,0,0,0,7639,0,0,3849,11098,0,0.16181761923706,0,0.078822380962516,0.078146078568659,0.326446303210168,0.254930640267563,0,0,0,0.033766496644945,0,0,0.017013646496452,0.049056235078623,0,17
107,58623,0,10125,10533,74497,19422,3957,2003,0,0,2553,0,2850,10334,0,0.300789647865283,0,0.051950437276337,0.054043847489547,0.382237207483979,0.099652483237632,0.0203030005237,0.010277207492791,0,0,0.013099206554715,0,0.014623086048154,0.053022796919868,0,17
108,61002,0,29570,15535,120091,27958,11809,0,8332,12196,0,0,0,19753,0,0.199192805783586,0,0.096556300381653,0.050727160176834,0.392138744306157,0.091292561585061,0.038560478566349,0,0.027206868271219,0.039824167719129,0,0,0,0.06450039233814,0,17
109,39017,0,21439,24228,68145,14203,0,0,0,0,11306,0,0,19462,0,0.197254802831143,0,0.108387151770039,0.122487238821051,0.344514317709283,0.071804781780394,0,0,0,0,0.057158689207149,0,0,0.098392217349154,0,17
110,42616,0,15252,20086,91945,16419,3476,2017,0,0,0,0,0,14345,0,0.206717243252682,0,0.073982734950683,0.097430973919448,0.445996758788391,0.079643491027751,0.016861000963059,0.009783843194042,0,0,0,0,0,0.069583158462336,0,17
111,40597,0,13249,12131,101200,20929,6468,0,0,9100,3141,0,4174,11726,0,0.182282289024089,0,0.059488535376125,0.054468671042929,0.454392012986928,0.093972039919006,0.029041576482208,0,0,0.040859360851591,0.01410321455328,0,0.018741425515884,0.052650204983051,0,17
112,38999,0,19690,15497,72546,0,0,0,0,0,3628,0,5498,13773,0,0.229904911248534,0,0.116075324166649,0.091356998405819,0.427668891162709,0,0,0,0,0,0.02138757115676,0,0.032411484625101,0.081193775507733,0,17
113,20285,0,9915,0,74467,24895,3850,0,0,12156,4253,0,3271,18181,0,0.118436647924658,0,0.057889995175556,0,0.434785100427447,0.145352640433229,0.022478717239122,0,0,0.070974360197081,0.024831684264412,0,0.019098151711472,0.106152093019343,0,17
114,47552,6573,13809,13544,114865,15269,0,0,0,11638,0,0,5442,0,0,0.20793031675791,0.02874168761361,0.060382460729549,0.059223698176625,0.502268908081659,0.06676658649283,0,0,0,0.050889353173328,0,0,0.023796172879297,0,0,17
115,38708,5062,12023,10307,114494,15390,0,2021,0,14820,0,0,5443,13060,0,0.167329506155762,0.021882333044163,0.051973778210791,0.04455574582206,0.494941841675646,0.066528856912923,0,0.008736505511437,0,0.064064825175407,0,0,0.023529341661926,0.056456586827991,0,17
116,7770,0,3332,0,21487,2860,0,0,0,2552,0,0,0,0,0,0.204468303465698,0,0.08768143132882,0,0.565429446267214,0.075260772389083,0,0,0,0.067155766131797,0,0,0,0,0,17
117,46899,0,14200,16223,139827,35122,0,8622,7166,0,0,0,4780,16856,0,0.161890954279501,0,0.049017042284417,0.056000244857754,0.482669434612902,0.121237785853049,0,0.029762319618046,0.0247363468317,0,0,0,0.016500102966163,0.058185300334235,0,17
118,29110,4692,9390,11879,96505,40421,5057,0,4167,12005,0,0,3016,9082,0,0.129191741669773,0.020823335773362,0.041673296002101,0.052719604175607,0.428294082074835,0.1793904470395,0.022443222351717,0,0.018493357235437,0.053278798562856,0,0,0.013385160888428,0.040306376388826,0,17
119,36346,3487,11789,10439,101598,15324,4085,4872,0,0,0,4087,2537,12010,0,0.175946634135951,0.016880135108954,0.057069084180743,0.050533901922367,0.491823294138193,0.074181579946197,0.019774977426273,0.02358474663912,0,0,0,0.019784659177767,0.012281301770001,0.058138917720818,0,17
120,26641,7048,17145,13473,138460,33762,5663,0,0,14612,0,0,5553,13062,0,0.096728983839169,0.025590091913399,0.062250579609855,0.048918172008374,0.502724715822719,0.122584081002504,0.02056139004553,0,0,0.053053687329204,0,0,0.020161998750279,0.047425900896117,0,17
121,54542,8077,17820,13731,125785,23630,6314,3919,0,0,0,0,5757,11053,0,0.201538643451528,0.029845374406949,0.065846788817511,0.050737500407029,0.464788907486569,0.087315354644096,0.023330899247686,0.014481120391461,0,0,0,0,0.02127272520889,0.040842006554431,0,17
122,48189,4708,16468,12913,102124,16177,7328,0,0,16317,0,0,5873,8032,0,0.202365104628164,0.019770779699592,0.06915572919733,0.054226860039174,0.428859587597043,0.067933703620671,0.030773207648654,0,0,0.068521619705661,0,0,0.024663079765358,0.033729585676036,0,17
123,43207,5605,11543,0,127354,9451,4773,2601,0,0,0,0,4783,8177,0,0.198658353793668,0.025770802322891,0.0530726736781,0,0.585551181114157,0.043454027456616,0.021945410332285,0.011958938251472,0,0,0,0,0.021991388564702,0.037596400646784,0,17
124,47273,5205,10048,9267,94658,15471,6091,3176,0,6454,0,0,3926,8076,0,0.225490710486775,0.024827658191675,0.047928584047294,0.044203243268937,0.451515118307005,0.073796091142087,0.029053842101122,0.015149401167815,0,0.030785338519232,0,0,0.018726873106059,0.038522217831006,0,17
125,32239,4365,9375,9920,101361,32563,5780,2703,0,0,0,0,8244,9555,0,0.149182110548113,0.020198500667477,0.043381655454472,0.045903575691559,0.469035517708879,0.150681263633491,0.026746236642864,0.012507798900633,0,0,0,0,0.038148092540445,0.044214583239198,0,17
126,39036,8554,14076,9441,79586,0,0,9430,4512,10975,0,0,6259,7893,0,0.205710310810384,0.045077469288371,0.074177029106499,0.049751728601482,0.419398482414739,0,0,0.049693761329518,0.023777121009415,0.057835528164523,0,0,0.032983377747768,0.041594152510486,0,17
127,51347,7529,14233,11609,83437,14403,6051,3574,0,0,0,0,0,13534,0,0.249600178886529,0.03659877824846,0.069187185301651,0.056431815791953,0.405590611959098,0.070013562137264,0.029414154307615,0.017373357708712,0,0,0,0,0,0.065789318195218,0,17
128,40828,0,23067,21022,86223,46852,0,3394,0,0,0,0,0,16658,0,0.171514509922535,0,0.096902183545351,0.088311340984539,0.362214287589664,0.196820614014253,0,0.014257858020242,0,0,0,0,0,0.069978608986797,0,17
129,31209,0,14010,13274,107625,36495,0,8354,0,13211,0,0,3741,11004,0,0.13062367373589,0,0.058638106588629,0.055557617905601,0.450458688194235,0.15274787294447,0,0.034965220731007,0,0.055293934771048,0,0,0.015657755656536,0.046056654168542,0,17
130,41062,0,14280,15826,148620,20527,0,4374,0,0,0,0,11335,16489,0,0.150679050173753,0,0.052401140878585,0.058074261592751,0.545368176286787,0.075324805239126,0,0.016050601554827,0,0,0,0,0.041594322959297,0.060507171704971,0,17
131,53997,0,14165,13127,116773,22128,0,4039,0,0,0,0,5813,12889,0,0.222272991096237,0,0.058308684521754,0.054035870223584,0.4806833757613,0.091087509431513,0,0.016626104961763,0,0,0,0,0.023928583348038,0.053056169064659,0,17
132,45932,0,12083,12427,86454,17253,0,2651,0,0,0,0,0,8526,0,0.247844339164499,0,0.065198535774322,0.067054721846189,0.466496251910389,0.093095285749762,0,0.014304503710811,0,0,0,0,0,0.046005355955629,0,17
133,40563,0,21327,0,129582,22593,0,9241,0,0,0,0,6230,15969,0,0.16522270422191,0,0.086869862720215,0,0.52781781549261,0.09202657703558,0,0.03764075591492,0,0,0,0,0.025376248171189,0.065045474646182,0,17
134,30376,6709,14395,12895,53243,35997,11462,0,0,8823,0,0,0,12676,0,0.162807649429723,0.03595850562602,0.077153463813688,0.069113853134943,0.285368660912274,0.192934577068519,0.061433345066516,0,0,0.047288990012377,0,0,0,0.067940069975846,0,17
135,49006,18455,13243,9952,61928,10627,3432,3055,3307,0,2935,0,5484,7049,0,0.260016023515305,0.097918399662801,0.070264572909067,0.052803219028244,0.328576944129934,0.056384627071257,0.018209470227586,0.016209187513192,0.017546246515917,0,0.01557249274999,0,0.029096950678345,0.037400511548442,0,17
136,38754,0,11554,15005,79590,12016,2555,2753,3327,15158,0,0,0,7264,0,0.206164616759586,0,0.061465226029095,0.07982393253995,0.423404651173247,0.063922983898703,0.01359214579404,0.0146454705953,0.017699048554509,0.080637865340923,0,0,0,0.038643188668457,0,17
137,53042,0,12111,16905,29235,63272,4579,1368,0,0,2072,0,11372,11188,0,0.258559840892251,0,0.059036504774845,0.082405425911878,0.142509472140416,0.308426862365946,0.022320878157379,0.006668478121707,0,0,0.01010020955276,0,0.05543416169594,0.054537231890097,0,18
138,51586,0,12424,15003,65385,9971,0,5227,0,0,1173,0,0,12906,0,0.297026054411976,0,0.071535792439936,0.0863853423999,0.376478411838795,0.057411734257775,0,0.030096393036345,0,0,0.006753982979076,0,0,0.074311086383597,0,17
139,61631,0,9723,15439,53087,15073,4797,0,0,13797,0,0,0,10069,0,0.335651577204601,0,0.052952804909744,0.084082932736968,0.289119156046855,0.082089646035644,0.026125126519803,0,0,0.075140373273654,0,0,0,0.054837168840503,0,13
140,85262,0,11338,18308,38392,0,3598,0,0,20451,0,0,0,10291,0,0.454391387763803,0,0.06042407026126,0.097569578262758,0.20460406645531,0,0.019174969553715,0,0,0.108990356404395,0,0,0,0.054844250049271,0,13
141,40689,0,9757,14797,89741,13224,0,0,0,21513,0,0,0,11365,0,0.202346259809236,0,0.048521479276828,0.073585357062542,0.446281241342809,0.065762841237754,0,0,0,0.10698396881033,0,0,0,0.05651804980846,0,17
142,56387,0,16707,16879,85593,23188,3937,0,0,0,5000,0,0,11512,0,0.257236442931894,0,0.076216933136076,0.077001593009147,0.390473212301199,0.105783099632449,0.017960499536526,0,0,0,0.022809880031147,0,0,0.052517467783714,0,17
143,57258,0,15798,15026,102134,22495,4170,0,0,0,0,0,0,13949,0,0.248052679461075,0,0.068439903926259,0.06509545489277,0.442463675630116,0.097452566072997,0.018065223406286,0,0,0,0,0,0,0.060429688559779,0,17
144,50427,0,14532,11166,67125,21241,19141,0,0,0,0,0,0,14388,0,0.254656095343905,0,0.073386432237641,0.056388171095892,0.338980475086132,0.10726680478666,0.096661829029775,0,0,0,0,0,0,0.072659233900026,0,17
145,52299,0,14741,20175,110969,37805,0,5288,0,17333,9665,0,0,18717,0,0.182231560461616,0,0.051363768467066,0.070298082139819,0.386662100469567,0.131728326904379,0,0.018425589013897,0,0.060395373369491,0.033676875533152,0,0,0.065217804382205,0,17
146,45604,6562,15564,12891,182166,12104,3982,0,3843,0,0,0,0,13174,0,0.154124843691913,0.022177148879484,0.052600597270641,0.043566840106389,0.615654099357719,0.04090706947853,0.013457695857857,0,0.012987926966787,0,0,0,0,0.044523276050079,0,17
147,48095,0,16157,0,151889,29521,12422,0,0,0,0,0,0,15514,0,0.175787103706898,0,0.05905375631076,0,0.555153555256853,0.107899111224233,0.045402349501285,0,0,0,0,0,0,0.056703594442355,0,17
148,27880,0,11618,11599,88032,27430,20534,3699,0,14385,0,0,3220,10683,0,0.12725944860325,0,0.05303082550359,0.052944099243944,0.401825583640213,0.125205331689057,0.09372826397751,0.016884233391098,0,0.065660907632048,0,0,0.014697818740021,0.048762980621006,0,17
149,32720,0,10489,9140,100995,8676,4221,0,5382,12626,0,0,6819,0,0,0.171247932673184,0,0.054896636794568,0.04783632951686,0.528580973693141,0.045407876902438,0.02209159156353,0,0.02816795683367,0.066081126529527,0,0,0.035688832710664,0,0,17
150,33031,0,17444,10400,73426,40268,3691,5144,0,5367,0,0,3658,9871,0,0.16327731092437,0,0.08622830410714,0.051408757321386,0.362955712988469,0.199050753828612,0.01824516569935,0.025427562275116,0,0.026529884667681,0,0,0.018082041757849,0.048793831107635,0,17
151,55886,0,14415,9332,79452,10330,4042,2630,2972,0,0,2445,0,8090,0,0.294766712026752,0,0.076030768846378,0.04922089038324,0.41906324289854,0.054484761858001,0.021319206914815,0.013871725429482,0.015675577177346,0,0,0.012895957671134,0,0.042670060351523,0,17
152,50059,5561,14107,21430,70682,18591,0,2964,0,0,0,0,0,0,0,0.272958766371855,0.030322648086455,0.076921691391652,0.116852048381874,0.385410008573385,0.101371742019012,0,0.016161897872323,0,0,0,0,0,0,0,17
153,47958,0,11734,8738,129211,19598,0,0,0,0,0,0,0,13690,0,0.207674220214871,0,0.050812108689835,0.037838435804652,0.55952645099048,0.084865834847741,0,0,0,0,0,0,0,0.059282236915276,0,17
154,37060,0,8550,9691,90608,16163,6498,0,6280,0,0,0,0,8621,0,0.201993775583062,0,0.046601318937727,0.052820278576083,0.493854070913396,0.088095569355611,0.035417002392672,0,0.034228805020927,0,0,0,0,0.046988300650543,0,17
155,44774,0,14167,21645,101422,18617,0,0,0,0,0,0,0,13027,0,0.209565087151068,0,0.066308698743807,0.101309506904051,0.474706066492155,0.087136941096453,0,0,0,0,0,0,0,0.06097292429841,0,17
156,28226,0,11408,15594,81024,22767,15341,0,0,11185,0,0,2509,10880,0,0.141886253732394,0,0.057345611426132,0.078387751102656,0.407290569792327,0.114444910180464,0.077115973429899,0,0,0.056224637429986,0,0,0.012612214153942,0.054691466717769,0,17
157,30846,3276,29115,11460,101096,12533,0,0,0,7924,0,0,0,8564,0,0.15060493911549,0.015994988580252,0.142153252791696,0.055953160810333,0.493598668872721,0.061192056233499,0,0,0,0.038688730040234,0,0,0,0.041813513890025,0,17
158,47695,0,9646,10894,115721,12989,4277,0,5713,11338,0,0,0,0,0,0.218510764043194,0,0.044192320367166,0.049909925158605,0.530165820569019,0.059507987689106,0.019594708087328,0,0.02617361872876,0.051944073017098,0,0,0,0,0,17
159,77988,4243,7322,9565,43644,18924,0,4201,4918,6133,0,0,6327,8066,0,0.407607758282767,0.02217618138627,0.03826867341277,0.049991786560113,0.228106799020343,0.09890690735636,0,0.021956664436909,0.025704088479105,0.032054325872784,0,0,0.033068273242638,0.042157213841492,0,13
160,37327,7340,13622,9828,146172,13219,0,0,5701,10405,0,0,0,0,5336,0.149937738501707,0.029483814337271,0.05471777538643,0.039477778336356,0.587153623828018,0.053098977597506,0,0,0.022900164254738,0.041795511150771,0,0,0,0,0.021434007448392,17
161,48304,4268,14867,10461,102304,16400,0,0,4425,0,0,0,0,15889,0,0.222683225919472,0.019675617600061,0.068537343094482,0.048225542887696,0.471624695495921,0.075604521877279,0,0,0.0203993908114,0,0,0,0,0.073248795616346,0,17
162,68817,7575,10032,9539,65826,12143,0,0,3414,0,0,0,3854,7496,0,0.364697714842922,0.040143857631465,0.05316476489535,0.050552102505656,0.348846073963448,0.06435204746055,0,0,0.018092554560678,0,0,0,0.020424342494685,0.039725187166621,0,13
163,38534,0,5987,3498,173322,5478,1977,0,0,4260,0,0,1569,2848,0,0.162266868233441,0,0.025211269950884,0.01473008556676,0.729859316924511,0.023067869849831,0.008325151276582,0,0,0.017938869215093,0,0,0.00660706239401,0.011992934160701,0,17
164,38794,0,6772,10115,182223,18094,7140,0,0,14404,0,0,2783,0,0,0.138389369481851,0,0.024157662202217,0.036083099996371,0.650041594724529,0.064546476651936,0.02547042352685,0,0,0.051383190543522,0,0,0.009927757517538,0,0,17
165,67352,0,6851,4409,121326,6364,1404,0,0,7861,0,0,2604,6382,0,0.299938099246058,0,0.030509460345889,0.019634536661075,0.540299341107189,0.02834071020891,0.006252413125913,0,0,0.035007278905129,0,0,0.011596355968573,0.028420869351549,0,17
166,60721,0,14545,6916,136409,14445,4242,0,0,8567,0,0,3041,7959,0,0.236411065039226,0,0.056629432584538,0.026926720918162,0.531094140214794,0.056240093068659,0.016515782263569,0,0,0.033354716325317,0,0,0.011839814677867,0.030987532068775,0,17
167,35820,0,9792,14488,56558,9176,3130,0,0,6914,0,0,3624,0,0,0.25677051225072,0,0.070192412844678,0.103854950704012,0.405427132931911,0.065776713670625,0.022436913011013,0,0,0.04956192222305,0,0,0.025978074361633,0,0,17
168,25210,0,9429,22207,73869,28689,29053,0,0,11038,0,0,3651,9067,0,0.118795738244123,0,0.044431748864102,0.104644802951013,0.348088753509632,0.135189568688324,0.136904825511586,0,0,0.0520137494922,0,0,0.017204402916835,0.04272591652888,0,17
169,40110,0,10510,13115,65497,47177,6664,0,5055,0,0,0,5544,10252,0,0.196690924069751,0,0.051538758865038,0.064313113464792,0.321183072253412,0.231345768503889,0.032678809617185,0,0.024788622841367,0,0,0,0.027186572706733,0.050273582862451,0,17
170,46852,0,14471,24715,76231,0,7540,5859,13573,0,0,0,4602,16096,0,0.223169587356327,0,0.068929472928031,0.117724547261163,0.363109850789631,0,0.035915156235046,0.027908076973626,0.064652044506404,0,0,0,0.021920629840011,0.076669808323516,0,17
171,48386,0,15149,18446,67711,35252,4471,0,3811,0,0,0,4937,0,0,0.244172726492837,0,0.076447073034369,0.093084870895239,0.341693033350729,0.177893736788408,0.022562206319669,0,0.019231618940787,0,0,0,0.02491380286294,0,0,17
172,62396,0,26090,22915,93167,0,11225,0,0,0,0,0,6426,0,0,0.280786071398035,0,0.117406554047471,0.103118864929007,0.419257049480288,0,0.050513168615671,0,0,0,0,0,0.028917382763858,0,0,17
173,55229,0,21294,0,84944,26712,6708,0,0,0,0,0,16200,0,0,0.261640934780446,0,0.100877712063088,0,0.40241177672053,0.126544822232986,0.031778326877017,0,0,0,0,0,0.076745512135908,0,0,17
174,45955,0,14921,13225,92055,27739,4387,6262,0,0,0,0,2234,6470,0,0.215500262605042,0,0.06997010486112,0.062016931625783,0.431680048454551,0.130078462485262,0.020572270627018,0.029364841273395,0,0,0,0,0.010476054839471,0.030340230443767,0,17
175,23613,0,10273,6611,90608,13243,3641,0,0,10232,0,0,0,6687,0,0.143188929584981,0,0.062295286341503,0.040088984522893,0.549445274489529,0.080305312666264,0.022078958198132,0,0,0.062046663082475,0,0,0,0.040549847149385,0,17
176,31375,0,49519,0,27183,12757,2603,4245,0,0,0,0,0,8415,0,0.230534104352043,0,0.36385016657331,0,0.199732205374953,0.09373445697562,0.019126032100615,0.031190935945873,0,0,0,0,0,0.061830795284929,0,15
177,41432,0,14617,9846,0,16905,5405,0,2900,0,4244,5229,126733,6771,0,0.176997804188276,0,0.062443882688844,0.04206215153276,0,0.072218227875412,0.023090181701663,0,0.012388811643815,0,0.018130385040121,0.022338308995003,0.541403884846768,0.028925739186301,0,25
178,47226,0,14774,9767,127591,20330,0,6264,0,0,0,0,0,0,0,0.209008993060473,0,0.065385508133766,0.043225954916915,0.564681356998469,0.089974778689554,0,0.02772267652294,0,0,0,0,0,0,0,17
179,35685,0,13819,14434,62870,27376,9408,7786,3982,16125,0,0,0,0,0,0.186359244849466,0,0.07216746246926,0.075379199166459,0.328328270167332,0.142966672882152,0.049131737963007,0.04066110882015,0.020795342322353,0.084210169499733,0,0,0,0,0,17
180,45135,0,17603,0,95565,19882,8152,0,5667,10226,0,0,0,13660,0,0.209064801519292,0,0.081536814829413,0,0.44265555355183,0.092093106427222,0.037759933789091,0,0.026249453481695,0.047366668661341,0,0,0,0.063272901810475,0,17
181,28396,0,35156,12436,34486,16994,4733,5780,0,0,0,0,3717,7852,0,0.189876295553327,0,0.235078270573111,0.083156029492753,0.230598169273647,0.113634091765828,0.031648237985622,0.038649232105831,0,0,0,0,0.024854532134494,0.052504112542385,0,15
182,27239,0,12926,12453,47377,30551,5063,0,0,0,0,0,2190,9271,0,0.185211123954579,0,0.087890009667455,0.084673858145506,0.322138711744932,0.207730750839424,0.034425740286734,0,0,0,0,0,0.014890849541368,0.063037929725125,0,17
183,38163,4499,10950,19051,170345,17667,8555,0,0,10610,0,0,4930,13712,0,0.127856956198364,0.015072929264817,0.036685611717054,0.063826263819324,0.570704157802883,0.059189470521022,0.028661681117753,0,0,0.035546515097529,0,0,0.016516900983112,0.045939096608607,0,17
184,40521,5506,11222,14483,139494,29674,7431,0,0,15609,0,0,5582,13462,0,0.14319184123484,0.019456920581827,0.039655929487223,0.051179542573823,0.492939246826824,0.104860991944737,0.026259420069466,0,0,0.055158563835863,0,0,0.019725485510397,0.047571566811352,0,17
185,34334,0,38377,0,169779,0,0,24063,0,25460,0,0,0,28472,0,0.107131379003698,0,0.11974659397907,0,0.529756285774618,0,0,0.075083052112421,0,0.079442069018087,0,0,0,0.08884032164505,0,17
186,42747,0,37963,27524,168190,31291,0,0,0,21803,0,0,0,14237,0,0.124353100318541,0,0.110436171886721,0.080068624582096,0.4892727063095,0.091027006677749,0,0,0,0.063425963586813,0,0,0,0.041416109874121,0,17
187,46854,4974,15216,12016,56118,0,0,3195,3189,24116,6328,0,3020,6878,0,0.257575424399683,0.027344054868741,0.083648386879591,0.066056717714588,0.308502903188019,0,0,0.017564182181933,0.017531197802249,0.132575216744757,0.034787525773794,0,0.016602137774472,0.037811093911529,0,17
188,47572,3758,11315,10859,116895,14835,0,3084,0,15892,1218,0,4233,5704,0,0.202120111316466,0.015966676323216,0.048074223081797,0.046136808523662,0.496653672748267,0.063029703881437,0,0.01310304056423,0,0.067520596837465,0.005174936253966,0,0.017984815404794,0.024234676841235,0,17
189,34694,0,12206,19360,83214,44186,5087,0,5681,18166,0,0,5937,23701,0,0.137547971708586,0,0.04839193022213,0.076754691881077,0.329910378625617,0.175179897492627,0.02016792962805,0,0.022522903128946,0.072020957268164,0,0,0.023537841203407,0.093965028526519,0,17
190,29182,0,9123,14677,111860,28129,2856,0,4954,0,0,0,2475,8626,0,0.137727603099839,0,0.043056956560107,0.069269642818447,0.527935017079202,0.132757769492409,0.013479191925427,0,0.023380923248797,0,0,0,0.011681022414366,0.040711312867202,0,17
191,22949,0,8959,13667,36778,101668,4409,2850,3399,0,2516,0,3425,7347,0,0.110349238100276,0,0.043078927167643,0.065717122178834,0.176845271053865,0.488865762616355,0.02120046767297,0.013704090013147,0.016343930510416,0,0.012098066832659,0,0.016468950278957,0.035327701518102,0,18
192,24936,0,23410,17228,99156,23624,2871,0,6823,16845,0,0,4321,13695,0,0.107063273639061,0,0.100511312310516,0.073968769264655,0.425728307708735,0.101430125673798,0.012326697037313,0,0.02929468961532,0.072324350955602,0,0,0.018552301601612,0.05879976172971,0,17
193,30480,0,13142,17582,81994,37141,0,0,5959,13601,0,0,7279,16488,0,0.13627462376937,0,0.058757218320541,0.078608234097684,0.366591033250225,0.166055535355595,0,0,0.026642388066665,0.060809384140746,0,0,0.032544041405815,0.073717015345388,0,17
194,32153,3601,8332,10537,58243,77888,5558,0,0,6038,0,0,0,6473,0,0.153972503028881,0.017244256355185,0.039899786749964,0.050458959791692,0.278910619260463,0.372985428514309,0.026615820302005,0,0,0.028914415794081,0,0,0,0.030997517958776,0,18
195,22261,3914,7437,10604,62566,73142,3058,0,3107,12701,0,0,1923,7073,0,0.107134263136111,0.018836678033873,0.035791610076219,0.051033243680009,0.301107688050115,0.352006177786042,0.014717055750044,0,0.014952875152187,0.061125351563541,0,0,0.009254708373883,0.034039808803159,0,18
196,59086,4796,10241,11645,92522,15025,9175,5777,12683,6700,2377,4713,0,0,0,0.251708272982875,0.020431093368513,0.043626940987441,0.049608019509692,0.394146258572407,0.064006912248443,0.039085751739066,0.02461017850644,0.054029927989817,0.028542183831252,0.010126085218938,0.020077509312939,0,0,0,17
197,72805,5473,10475,11709,80894,13421,11648,3604,0,6493,0,5436,3789,0,0,0.322507054357312,0.024243919880064,0.046401431293698,0.051867719237987,0.35833865232195,0.059451418557778,0.05159750565241,0.015964750203579,0,0.028762242805726,0,0.024080017232701,0.016784250422131,0,0,17
198,27586,10035,12243,12824,0,68959,18270,0,8758,7732,0,3368,0,0,63222,0.118396374202243,0.043069202181842,0.052545704518417,0.055039297128496,0,0.29596497899906,0.078412972437432,0,0.037588440755721,0.033184953633619,0,0.014455111722456,0,0,0.271342361436195,18
199,49472,4533,8786,12801,115457,12080,5826,7722,6204,10343,2434,3059,0,8985,0,0.199723861737087,0.018300200826046,0.035470009393079,0.051678988190394,0.466112095890817,0.048768235086319,0.02352017695471,0.031174529084152,0.025046202853934,0.041755782739884,0.009826314917227,0.012349505888166,0,0.036273393398226,0,17
200,58042,7991,10774,9372,0,17911,13489,0,0,4998,2674,5451,0,0,84593,0.269592884182169,0.037116468072479,0.050042893013664,0.043530907121223,0,0.083192709928321,0.062653479103519,0,0,0.02321462588475,0.012420149983157,0.025318712624604,0,0,0.392916135948101,27
201,57840,0,13802,21758,81664,16785,8736,3586,6867,8844,0,3215,0,0,0,0.259259425272415,0,0.061865394697434,0.097526971295954,0.366046630384815,0.075236244746879,0.039157809598376,0.016073707099333,0.030780297448723,0.039641903398356,0,0.014410755249402,0,0,0,17
202,34962,0,15671,59781,132835,19776,8450,10919,6801,19089,3194,9040,0,0,0,0.109079677272415,0,0.048892713254166,0.186513642463612,0.414438361630852,0.061700101928044,0.026363564992515,0.034066717887961,0.021218769883325,0.059556697294925,0.009965115572319,0.028204334619211,0,0,0,17
203,46579,5442,12876,15001,92484,17817,7850,2563,10941,16923,2679,3734,0,0,0,0.198302176772859,0.023168370616171,0.054817330141369,0.063864147984675,0.393734541844852,0.075852778124321,0.033420009444683,0.010911526650538,0.046579404246405,0.072046728641067,0.011405376471631,0.015896855447955,0,0,0,17
204,53315,5331,10292,11970,101785,15951,7248,2860,5529,11775,2542,3418,8659,12667,0,0.210446747874415,0.021042683690962,0.040624888868674,0.047248340435098,0.401768782889425,0.062962262178801,0.028609521426365,0.011289077163273,0.021824233439069,0.046478630628511,0.01003385809407,0.013491631379045,0.034179062642232,0.049999559589923,0,17
205,54062,0,13651,13669,0,0,15482,3919,13891,7245,2082,12327,5814,0,75281,0.24864894698353,0,0.06278537407948,0.062868161914323,0,0,0.071206736612594,0.018024751374807,0.063889211877376,0.033322103523979,0.009575792896746,0.056695868894422,0.026740470654025,0,0.3462417219308,27
206,56581,5152,9404,20873,79355,12394,11240,0,4084,9646,0,0,0,14751,0,0.253181492751029,0.023053490975849,0.04207977615936,0.093399741362645,0.355087264688004,0.055459032934826,0.050295266272991,0,0.018274543368229,0.043162645771287,0,0,0,0.066005824981573,0,17
207,52656,5987,13382,16112,92008,18249,0,4427,4010,12477,2546,3699,11499,6983,0,0.215772327739873,0.024533344423477,0.05483634242021,0.066023251313288,0.377027514078512,0.074780183292961,0,0.018140822589618,0.016432052989467,0.05112786163331,0.010432919429222,0.015157646884797,0.047120243722164,0.028614719707094,0,17
208,22146,0,11553,13787,0,12979,47815,4219,13961,7411,2307,5745,0,13935,57505,0.103794941016015,0,0.054147131319871,0.064617545183681,0,0.060830573651918,0.224101539345594,0.019773803084786,0.065433056379877,0.034734215373632,0.010812553618536,0.026925930012348,0,0.065311198385043,0.269517076651017,27
209,32292,0,14397,13347,81790,20534,47020,3804,7429,8230,3625,0,0,0,0,0.138909441299448,0,0.061931067489676,0.057414319496055,0.351833160379288,0.088330384096201,0.202264276819099,0.016363532731175,0.031957067471057,0.035402700940476,0.015593534739882,0,0,0,0,17
210,56025,8420,10079,17198,91161,16082,6802,0,4616,5659,2629,3988,0,0,0,0.251617944929242,0.037815630560223,0.045266469796253,0.077239085976382,0.409419253209265,0.072226943869762,0.030548916316511,0,0.020731225774333,0.025415512707312,0.011807277417834,0.017910773047669,0,0,0,17
211,31637,4841,6279,11063,63856,16746,6128,10727,0,0,1323,0,3203,6981,0,0.194349567525064,0.02973875946214,0.038572533887516,0.067961131135147,0.392273885000991,0.102872376569572,0.037644925571381,0.06589704905421,0,0,0.008127323193691,0,0.01967635388465,0.042884991092332,0,17
212,18930,2915,8175,12475,40406,39197,5536,4074,3323,9243,1175,1757,13916,7835,0,0.112040341625384,0.017252899062953,0.048385055038498,0.073835298055689,0.239149423105264,0.231993761754616,0.032765708219342,0.024112625593497,0.019667711057239,0.054706185164628,0.006954426870977,0.010399087670048,0.082364088797032,0.046372710241789,0,17
213,48036,2732,7328,13486,67162,19681,13732,0,0,0,1795,3087,2471,9425,0,0.25424616931749,0.014459980012203,0.038785770651414,0.07137894418736,0.355476245700092,0.104167951991059,0.072680977427022,0,0,0,0.009500608395099,0.016338929312352,0.013078553395148,0.049884810096831,0,17
214,20139,0,9182,12907,40891,53866,8948,0,0,5433,0,3247,3289,6038,0,0.122843723313407,0,0.056008253749772,0.078729964185178,0.249426432594415,0.328571182366064,0.054580903349266,0,0,0.033140148401493,0,0.019806011754031,0.020062202851557,0.036830520163485,0,18
215,18390,0,7370,11243,64816,45964,7342,7970,3491,5609,1795,3283,3315,7509,0,0.097768704445047,0,0.039181891094687,0.059772320431148,0.344587985507898,0.244363153633131,0.039033031806946,0.042371732974851,0.018559563339424,0.029819705176404,0.009542943624825,0.017453751487633,0.017623876387909,0.039920871130258,0,17
216,11153,3352,5761,8909,55272,11450,37438,11087,0,2713,884,1371,2230,4834,0,0.071286128830199,0.021424817982971,0.036822302952749,0.056943221143212,0.353279348863801,0.07318440701423,0.239290640157095,0.070864237604085,0,0.017340549889049,0.005650219720575,0.008762953887905,0.014253382326789,0.030897242227667,0,17
217,10316,0,6248,7132,30955,8200,4025,48180,0,10103,1398,3152,2364,5935,0,0.074749289896238,0,0.045272713291236,0.051678135594285,0.224298469899199,0.059416813218331,0.029164960146803,0.349110007421851,0,0.073205861456683,0.010129842058442,0.0228392433249,0.017129432493675,0.043004730054975,0,20
218,27651,5601,7423,18167,48671,15254,30512,5607,0,0,1379,1433,3480,9461,0,0.158332331266212,0.032071844902857,0.042504777895618,0.104025905971937,0.278694603928009,0.087345801161222,0.174714506688817,0.032106195562539,0,0,0.007896280306892,0.008205489252919,0.019926798744005,0.054174552562366,0,17
219,19262,6807,18490,9468,85359,11482,0,0,0,0,0,0,0,4346,0,0.124099630187999,0.043855544973669,0.119125723144937,0.060999586086331,0.549943353268183,0.073975205686867,0,0,0,0,0,0,0,0.028000021243261,0,17
220,14256,0,5727,0,41421,4052,0,0,0,3127,0,0,2069,3310,0,0.192747627159893,0,0.077431452303498,0,0.560029367184072,0.054784746766854,0,0,0,0.04227835714214,0,0,0.027973751495711,0.044752594224651,0,17
221,4580,841,878,0,5072,647,0,0,0,367,0,0,0,0,0,0.36980218005652,0.06790269595761,0.070889702965794,0,0.409513181597386,0.052238767447458,0,0,0,0.029631572879779,0,0,0,0,0,17
222,31782,0,26520,0,127622,22973,6085,0,0,21415,11127,0,0,18566,0,0.11944079070991,0,0.099665481964283,0,0.479619462264167,0.086335411657823,0.022868192222951,0,0,0.080480252498685,0.041816659797005,0,0,0.069773353625523,0,17
223,27016,0,31940,18899,77160,26150,0,0,0,22528,7493,0,0,0,0,0.127925146553275,0,0.151240994443162,0.089489779398288,0.365364907051797,0.123824420935776,0,0,0,0.106673673225284,0.035480550136588,0,0,0,0,17
224,2550,0,3310,0,6156,1585,0,0,0,0,0,0,0,1593,0,0.16782940634461,0,0.217846744695943,0,0.405155456298558,0.104316341493375,0,0,0,0,0,0,0,0.104842859305329,0,17
225,29029,0,37871,0,125568,18320,0,0,0,0,0,0,10020,0,0,0.131467156987066,0,0.171510893862317,0,0.568674709421546,0.082967959007094,0,0,0,0,0,0,0.045378763605408,0,0,17
